"","ID","Description","setSize","enrichmentScore","NES","pvalue","p.adjust","qvalues","rank","leading_edge","core_enrichment"
"hsa04714","hsa04714","Thermogenesis",191,0.529381405393511,2.43227271743168,0.00137362637362637,0.00680701143925884,0.00325069993063647,4253,"tags=32%, list=17%, signal=27%","PPARGC1A/NDUFB11/SDHC/SDHC/SDHC/PRKAG2/NDUFB8/COX5B/ACSL5/ATP5PF/UQCR11/SDHA/NDUFS1/ADCY1/NDUFB7/NDUFA2/CPT2/PRKAG2/NDUFC1/NDUFS3/NDUFC2/NDUFC2-KCTD14/SDHB/KRAS/SMARCA2/NDUFS4/NDUFB2/NDUFA2/COX5B/COA4/MAPK14/ATP5MC2/NDUFV1/NDUFB2/SMARCD2/COX8A/NDUFB8/ATP5ME/COX5B/SDHC/NDUFB5/ACSL1/CPT1A/SLC25A20/NDUFS6/MAPK11/NDUFS2/ATP5ME/NDUFAB1/UQCRC2/CPT2/NDUFAF3/NDUFS8/NDUFB6/COX7C/MAPK14/UQCRC1/NDUFA5/PRKAB2/COX17/COX5B/PNPLA2/COX11/UQCRH/UQCRHL/ATP5F1D/MAPK14/NDUFA10/SDHD/RHEB/RHEB/MAP2K3/SMARCE1/GNAS/COX7C/SMARCA2/ACSL1/NDUFB3/COX7A2L/PRKAA1/COA7/CPT1A/NDUFA6/NDUFA13/MAP2K3/NPR1/MAP2K3/COX7C/ZNF516/ADCY6/RPS6KB1/NDUFS5/CYC1/HRAS/KRAS/NDUFA7/ATP5MG/UQCRB/COX6C/TSC2/MLST8/NDUFAF1/SMARCA2/COX16/NDUFA9/UQCRFS1/NPR1/COX6A1/SMARCA2/RPS6KA6/NDUFA4/NDUFV2"
"hsa05016","hsa05016","Huntington disease",165,0.575092510896652,2.59681518505471,0.00141843971631206,0.00680701143925884,0.00325069993063647,6727,"tags=48%, list=27%, signal=35%","POLR2C/PPARGC1A/SOD1/NDUFB11/POLR2C/SDHC/SDHC/SDHC/NDUFB8/COX5B/AP2B1/ATP5PF/UQCR11/SDHA/NDUFS1/SLC25A4/NDUFB7/NDUFA2/POLR2F/NDUFC1/NDUFS3/NDUFC2/NDUFC2-KCTD14/SDHB/NDUFS4/NDUFB2/NDUFA2/COX5B/CASP9/ATP5MC2/NDUFV1/NDUFB2/COX8A/POLR2E/POLR2C/NDUFB8/COX5B/SDHC/NDUFB5/NDUFS6/NDUFS2/NDUFAB1/UQCRC2/CLTB/DNAI1/NDUFS8/NDUFB6/COX7C/UQCRC1/TFAM/NDUFA5/POLR2J/POLR2J2/POLR2J3/COX5B/UQCRH/UQCRHL/POLR2I/ATP5F1D/NDUFA10/SDHD/COX7C/NDUFB3/COX7A2L/POLR2A/NDUFA6/VDAC1/NDUFA13/TFAM/AP2S1/COX7C/PLCB1/POLR2E/NDUFS5/CYC1/NDUFA7/UQCRB/SLC25A5/POLR2J3/POLR2J/POLR2J2/COX6C/NDUFA9/UQCRFS1/NRF1/DCTN2/COX6A1/HAP1/NDUFA4/NDUFV2/NDUFS8/VDAC3/ATP5PD/POLR2H/ATP5F1D/NDUFA1/ATP5MC3/VDAC3/CLTA/POLR2D/NDUFA6/ATP5MC3/ATP5PO/GRIN2B/UQCRB/CLTCL1/CLTB/DLG4/UQCRC2/GRM5/COX7A2/PLCB1/POLR2J/SOD2/POLR2A/NDUFB4/NDUFA5/SOD2/DCTN4/BAX/COX4I1/DNAH6/CREB3L1/NDUFA8/UQCR10/TFAM/APAF1/EP300/NDUFS7/REST/ATP5PO/AP2S1/CASP9/CREBBP"
"hsa04022","hsa04022","cGMP-PKG signaling pathway",152,0.358175913006369,1.60329961950283,0.00144717800289436,0.00680701143925884,0.00325069993063647,5011,"tags=24%, list=20%, signal=19%","ITPR2/KCNJ8/IRS2/ITPR2/MAP2K1/IRS2/IRS1/KCNJ8/RAF1/KNG1/ADRA1A/ADCY1/SLC25A4/CNGA1/PDE3B/ITPR2/CALM1/CALM2/CALM3/NFATC3/INSR/ITPR2/PDE3B/PDE3B/KCNMA1/AGTR1/NFATC3/NPR2/AKT2/ATP2B2/AGTR1/KCNMA1/GNAI1/CALM1/CALM2/CALM3/PDE2A/ADRA2B/SRF/VDAC1/CALM1/CALM2/CALM3/NPR1/NPR2/CALM1/CALM2/CALM3/ADORA1/GNA11/PLCB1/ADCY6/MEF2A/CALM1/CALM2/CALM3/SLC25A5/ATP2B1/NPR1/ATP2B4/CALML4/ADRA1B/ATP1B1/ITPR3/VDAC3/ATP1B1/VDAC3/NFATC1/ADRB1/GTF2I/BAD/CNGB1/CALM3/CALM1/CALM2"
"hsa05225","hsa05225","Hepatocellular carcinoma",152,0.394704813018978,1.76681360624607,0.00144717800289436,0.00680701143925884,0.00325069993063647,4579,"tags=25%, list=19%, signal=21%","MTOR/TGFA/SMAD3/CDK6/TGFBR1/PIK3R3/ACTG1/ACTB/SMARCC1/LEF1/BCL2L1/CSNK1A1/RB1/BCL2L1/TGFB2/CDKN2A/WNT5A/TGFA/ARID1A/DVL3/CDKN1A/DDB2/SOS2/FZD1/SMARCC2/ACTG1/ACTB/HGF/LEF1/TCF7L2/SMAD3/TXNRD2/FZD7/ACTG1/ACTB/PIK3R3/SMARCA4/ACTG1/ACTB/ACTG1/ACTB/NQO1/MAP2K2/GSTM5/TGFBR2/AKT3/SMARCD1/SMARCA4/E2F3/ACTG1/ACTB/DVL2/ACTG1/ACTB/TGFB3/NQO1/ACTG1/ACTB/SMARCD3/WNT5A/PIK3R2/SMARCA4/GSTP1/ACTB/PRKCB/SHC1/TGFB1/ACTB/FZD6/LEF1/SMAD2/PIK3CD/FZD7/WNT4/CDKN2A/FZD2"
"hsa05010","hsa05010","Alzheimer disease",153,0.561884839013364,2.51448403306909,0.00144927536231884,0.00680701143925884,0.00325069993063647,5704,"tags=44%, list=23%, signal=34%","ITPR2/NDUFB11/SDHC/SDHC/ITPR2/SDHC/NDUFB8/COX5B/ATP5PF/UQCR11/SDHA/NDUFS1/NDUFB7/NDUFA2/NDUFC1/NDUFS3/NDUFC2/NDUFC2-KCTD14/SNCA/RTN3/SDHB/HSD17B10/NDUFS4/NDUFB2/ITPR2/NDUFA2/CALM1/CALM2/CALM3/MME/COX5B/ITPR2/CASP9/BACE1/TNFRSF1A/ATP5MC2/NDUFV1/NDUFB2/COX8A/NDUFB8/COX5B/SDHC/NDUFB5/NDUFS6/NDUFS2/NDUFAB1/UQCRC2/NDUFS8/NDUFB6/COX7C/UQCRC1/NDUFA5/GSK3B/COX5B/UQCRH/UQCRHL/ATP5F1D/MME/NDUFA10/SDHD/CALM1/CALM2/CALM3/RTN4/COX7C/RTN4/NDUFB3/COX7A2L/NDUFA6/LRP1/NDUFA13/CALM1/CALM2/CALM3/SNCA/ATF6/APH1A/COX7C/CALM1/CALM2/CALM3/PLCB1/NDUFS5/CYC1/CALM1/CALM2/CALM3/NDUFA7/UQCRB/COX6C/APOE/NDUFA9/UQCRFS1/COX6A1/CALML4/RTN4/NDUFA4/NDUFV2/IDE/ITPR3/GRIN2C/NDUFS8/CASP7/ATP5PD/ATP5F1D/NDUFA1/ATP5MC3/GRIN2C/BAD/BID/NDUFA6/APOE/ATP5MC3/CALM3/CALM1/CALM2/ATP5PO/GRIN2B/CALM1/CALM2/CALM3/UQCRB/APOE/UQCRC2/CDK5R1/COX7A2/ATP2A2/PLCB1"
"hsa03013","hsa03013","RNA transport",142,0.467673909422193,2.08135944286817,0.00145348837209302,0.00680701143925884,0.00325069993063647,6095,"tags=33%, list=25%, signal=25%","EIF5/EIF4EBP2/EIF5/EIF4G1/EIF5/CYFIP2/SAP18/EIF5/EIF5/EIF4B/EIF4EBP3/SENP2/SAP18/SMN1/SMN2/EIF4EBP1/FXR1/FXR1/FMR1/NUP88/EIF3A/RPP14/CYFIP2/SUMO1/EIF2B5/UPF2/PNN/EIF3B/EIF4B/THOC5/NMD3/SUMO1/FXR1/EIF1AX/POM121/POM121C/RPP38/NUP50/NUP98/EIF1AY/THOC2/PNN/KPNB1/PAIP1/EIF5B/EIF1AX/RBM8A/EIF2S1/EIF5B/DDX39B/EIF4G1/SRRM1/TPR/POP7/RANBP2/SUMO2/SUMO3/UBE2I/PABPC4/EIF1B/KPNB1/KPNB1/EIF2S1/EIF1/EEF1A1/NUP153/PAIP1/EIF1/EIF3J/GEMIN4/THOC1/STRAP/UPF1/EIF2B3/EIF2S3/EIF3H/ELAC2/EIF1AX/EIF1AX/RNPS1/EIF4E/UPF3A/NUP98/THOC2/NUP50/RBM8A/SAP18/NUP210/RANBP2/NCBP2/EIF4A1/RBM8A"
"hsa04141","hsa04141","Protein processing in endoplasmic reticulum",148,0.499869481222865,2.23524380037163,0.00145348837209302,0.00680701143925884,0.00325069993063647,5904,"tags=36%, list=24%, signal=28%","SEC62/MAN1C1/SEC62/ERP29/RAD23A/SEC63/RAD23B/MOGS/MAN1C1/HSP90B1/UBE2D3/OS9/NSFL1C/MAN1A1/EDEM1/AMFR/NFE2L2/NGLY1/MARCH6/RAD23B/SKP1/UBE4B/CUL1/UBE2D4/RRBP1/UBXN6/STUB1/HERPUD1/LMAN2/LMAN1L/SKP1/DNAJA2/PRKCSH/NSFL1C/SIL1/DERL1/UBE2G2/SEC24B/HSPA1A/HSPA1B/HSPA1L/RNF5/BAG1/UBE2D4/RRBP1/UBE2D4/CANX/DNAJC3/DNAJB1/MAN1A2/SEC23A/SEC61A2/MAN1A1/SEC24C/EIF2S1/ATF6/DNAJB2/SEC63/SEC63/HSPA1A/HSPA1B/HSP90B1/DNAJA1/RPN1/GANAB/SEC31B/UBQLN2/BAG1/RRBP1/MAN1B1/EIF2S1/BAG2/PDIA3/HSPH1/UBE2D4/UBE2D2/EDEM2/MAN1A2/HSPA1B/HSPA1A/DNAJC1/HSP90B1/STT3A/PLAA/SEC24A/SEC24A/MBTPS2/EIF2AK1/SEC23A/SEL1L/DERL2/NGLY1/GANAB/PDIA4/UBE2D2/LMAN1/PPP1R15A/XBP1/MBTPS1/BCL2/SEL1L/UFD1/AMFR/VCP"
"hsa04068","hsa04068","FoxO signaling pathway",126,0.476230692573292,2.09029902841814,0.00146842878120411,0.00680701143925884,0.00325069993063647,2375,"tags=21%, list=10%, signal=19%","GABARAPL1/PCK1/GABARAPL1/GABARAPL1/BNIP3/IRS2/BNIP3/MAP2K1/G6PC/EGFR/RBL2/IRS2/PRKAG2/IRS1/RAF1/IGF1/FOXO1/PIK3R1/ATG12/PCK2/IGF1/EGFR/HOMER2/RBL2/GADD45A/GADD45G/PRKAG2/FOXO1/PIK3R1/GADD45B/PDPK1/KRAS/FOXO3/SIRT1/PIK3R1/TNFSF10/INSR/GADD45B/MAPK14/GADD45B/MDM2/ARAF/MAPK11/CAT/GADD45B/IGF1/IGF1/MAPK14/FOXO3/AKT2/PRKAB2"
"hsa04150","hsa04150","mTOR signaling pathway",129,0.436276614771074,1.9205173276188,0.00146842878120411,0.00680701143925884,0.00325069993063647,4132,"tags=24%, list=17%, signal=21%","FZD5/MAP2K1/IRS1/RAF1/IGF1/PIK3R1/IGF1/LRP5/LRP6/EIF4B/PIK3R1/PDPK1/KRAS/FZD5/LRP6/WDR59/LAMTOR2/PIK3R1/EIF4EBP1/INSR/CLIP1/RRAGD/LPIN1/TNFRSF1A/GRB10/FZD4/SLC7A5/PRR5/NPRL3/IGF1/EIF4B/IGF1/AKT2/GSK3B/DVL1/LPIN1/GRB10/DEPDC5/RHEB/RHEB/PRKAA1/TELO2/RRAGD/ULK1/RPS6KB1/PTEN/PDPK1/HRAS/KRAS/TSC2/MLST8/PTEN/LAMTOR5/PIK3CA/RPS6KA6"
"hsa04910","hsa04910","Insulin signaling pathway",128,0.501162908823176,2.2043475761004,0.00147058823529412,0.00680701143925884,0.00325069993063647,4246,"tags=28%, list=17%, signal=23%","PCK1/PPARGC1A/IRS2/MAP2K1/G6PC/IRS2/PRKAG2/IRS1/RAF1/FOXO1/PIK3R1/PCK2/SOCS2/GYS2/ACACB/PRKAG2/FOXO1/FBP1/PIK3R1/ACACB/PDPK1/KRAS/PDE3B/PIK3R1/EIF4EBP1/CALM1/CALM2/CALM3/INSR/PTPRF/PDE3B/PDE3B/PHKA2/PHKG2/ARAF/SORBS1/CRKL/SOCS2/ACACB/PYGL/AKT2/GSK3B/PRKAB2/SHC2/MKNK2/RHEB/RHEB/CALM1/CALM2/CALM3/CRK/PRKAA1/SORBS1/CALM1/CALM2/CALM3/PRKCZ/CALM1/CALM2/CALM3/RPS6KB1/ACACB/CALM1/CALM2/CALM3/PDPK1/HRAS/KRAS/TSC2/PKLR/PIK3CA/CALML4/PKLR/PTPRF"
"hsa04932","hsa04932","Non-alcoholic fatty liver disease (NAFLD)",135,0.597113012522194,2.6382716310105,0.00147275405007364,0.00680701143925884,0.00325069993063647,4453,"tags=47%, list=18%, signal=39%","NDUFB11/LEPR/IRS2/SDHC/SDHC/IL6R/SDHC/IRS2/RXRA/PRKAG2/IRS1/NDUFB8/COX5B/PIK3R1/UQCR11/SDHA/NDUFS1/MLX/NDUFB7/NDUFA2/PRKAG2/NDUFC1/NDUFS3/NDUFC2/NDUFC2-KCTD14/PIK3R1/SDHB/MLX/ITCH/PPARA/LEPR/NDUFS4/PIK3R1/NDUFB2/JUN/NDUFA2/ITCH/COX5B/INSR/TNFRSF1A/NDUFV1/CYP2E1/ADIPOR2/NDUFB2/NR1H3/COX8A/NDUFB8/COX5B/SDHC/RXRA/NDUFB5/NDUFS6/NDUFS2/NDUFAB1/UQCRC2/NDUFS8/NDUFB6/MLXIPL/COX7C/MLX/UQCRC1/AKT2/NDUFA5/GSK3B/PRKAB2/LEPR/COX5B/UQCRH/UQCRHL/ADIPOR1/CYP2E1/NDUFA10/LEPR/SDHD/CYP2E1/LEPR/CYP2E1/COX7C/NDUFB3/COX7A2L/PRKAA1/NDUFA6/EIF2S1/NDUFA13/COX7C/NDUFS5/CYC1/NDUFA7/UQCRB/COX6C/CEBPA/PKLR/TGFB1/NDUFA9/UQCRFS1/COX6A1/PIK3CA/EIF2S1/PKLR/NDUFA4/NDUFV2/NDUFS8/JUN/CASP7/MLX/CDC42"
"hsa04723","hsa04723","Retrograde endocannabinoid signaling",124,0.445462079124559,1.94807374124457,0.0014792899408284,0.00680701143925884,0.00325069993063647,4411,"tags=26%, list=18%, signal=21%","ITPR2/NDUFB11/ITPR2/FAAH/NDUFB8/NDUFS1/ADCY1/NDUFB7/NDUFA2/NDUFC1/ABHD6/NDUFS3/NDUFC2/NDUFC2-KCTD14/NDUFS4/NDUFB2/ITPR2/NDUFA2/ITPR2/MAPK14/NDUFV1/NDUFB2/NDUFB8/ABHD6/NDUFB5/NDUFS6/MAPK11/NDUFS2/NDUFAB1/NDUFS8/NDUFB6/MAPK14/NDUFA5/MAPK14/GNAI1/NDUFA10/GNAO1/SLC17A7/NDUFB3/GNG7/NDUFA6/NDUFA13/PLCB1/ADCY6/NDUFS5/NDUFA7/ABHD6/NDUFA9/GNGT1/NDUFA4/NDUFV2/ITPR3/NDUFS8"
"hsa00190","hsa00190","Oxidative phosphorylation",108,0.592508374586204,2.53668232213291,0.00150375939849624,0.00680701143925884,0.00325069993063647,5595,"tags=52%, list=23%, signal=40%","NDUFB11/SDHC/SDHC/SDHC/NDUFB8/COX5B/ATP5PF/UQCR11/SDHA/NDUFS1/NDUFB7/NDUFA2/NDUFC1/NDUFS3/NDUFC2/NDUFC2-KCTD14/SDHB/NDUFS4/NDUFB2/NDUFA2/COX5B/ATP5MC2/NDUFV1/NDUFB2/COX8A/NDUFB8/ATP5ME/COX5B/SDHC/NDUFB5/NDUFS6/NDUFS2/ATP5ME/NDUFAB1/UQCRC2/NDUFS8/NDUFB6/COX7C/UQCRC1/NDUFA5/COX17/COX5B/COX11/PPA2/UQCRH/UQCRHL/ATP5F1D/NDUFA10/SDHD/ATP6V0E2/COX7C/NDUFB3/COX7A2L/NDUFA6/NDUFA13/COX7C/NDUFS5/CYC1/ATP6V0A1/NDUFA7/ATP5MG/UQCRB/COX6C/NDUFA9/UQCRFS1/COX6A1/NDUFA4/NDUFV2/NDUFS8/ATP5PD/ATP5MG/ATP5F1D/NDUFA1/ATP5MC3/NDUFA6/ATP5MG/ATP5MC3/ATP5PO/ATP6V0A4/ATP6V0A2/UQCRB/LHPP/UQCRC2/COX7A2"
"hsa01200","hsa01200","Carbon metabolism",106,0.610159388199781,2.6070953794071,0.00150375939849624,0.00680701143925884,0.00325069993063647,4717,"tags=49%, list=19%, signal=40%","ALDH6A1/ALDH6A1/ALDH6A1/ALDH6A1/H6PD/ALDH6A1/SDS/SDHC/SDHC/CPS1/SDHC/MUT/GOT1/CPS1/SHMT2/MUT/GPT/PCCA/ACADS/AMT/ALDOB/ALDOB/FH/SHMT2/ALDOB/RGN/SDHA/PHGDH/HADHA/ALDOB/PC/IDH1/AGXT/OGDHL/HAO1/FBP1/ACO1/FH/SDHB/PSAT1/HADHA/ALDOB/GLUD2/ALDOB/HAO2/PHGDH/GLUD1/ECHS1/HIBCH/ALDOB/MDH2/SHMT1/PRPS1/DLST/ACADM/ACAT2/ACAT1/SDHC/EHHADH/GCSH/HIBCH/PSPH/PCCB/GLUD1/SUCLG1/CAT/HADHA/SHMT2/SHMT1/AGXT/ESD/ADH5/TKFC/SDHD/ALDOC/CAT/DLD/SUCLG2/PDHA1/GLDC/SUCLG2/ACAT2/PKLR/AGXT/GOT2/PKLR/IDH3B/SUCLG2/PFKL/CAT/ADH5/MDH2"
"hsa04152","hsa04152","AMPK signaling pathway",109,0.56455706283253,2.4190517185815,0.00150375939849624,0.00680701143925884,0.00325069993063647,3922,"tags=33%, list=16%, signal=28%","PCK1/PPARGC1A/LEPR/IRS2/HNF4A/G6PC/IRS2/PRKAG2/IRS1/MLYCD/IGF1/ADRA1A/FOXO1/PIK3R1/PCK2/IGF1/GYS2/ACACB/PRKAG2/FOXO1/PPP2R1B/FBP1/PIK3R1/ACACB/PDPK1/FOXO3/SIRT1/LEPR/PIK3R1/PPP2R2D/EIF4EBP1/INSR/PPP2R1B/RAB14/PFKFB1/ADIPOR2/RAB2A/CPT1A/PPP2R5B/HNF4A/PPP2R1B/IGF1/ACACB/IGF1/FOXO3/AKT2/PRKAB2/LEPR/RAB2A/PPP2R1B/RAB2A/ADIPOR1/LEPR/RHEB/RHEB/LEPR/HNF4A/PPP2R5A/RAB2A/PRKAA1/CPT1A/ULK1/PPP2R2A/RPS6KB1/ACACB/HMGCR/PPP2R5C/PDPK1/TSC2/EEF2"
"hsa04919","hsa04919","Thyroid hormone signaling pathway",109,0.40235166046623,1.72402320297192,0.00150375939849624,0.00680701143925884,0.00325069993063647,4901,"tags=22%, list=20%, signal=18%","NCOR1/NCOR1/MAP2K1/NCOR1/RXRA/RAF1/SLC16A10/NCOR1/FOXO1/PIK3R1/SLC16A2/MED13/NCOA2/FOXO1/PIK3R1/PDPK1/KRAS/PIK3R1/RCAN1/CASP9/RCAN1/MDM2/RXRA/MED13/KAT2B/AKT2/GSK3B/RHEB/RHEB/MYC/ESR1/HDAC3/PLCG2/PLCB1/TBC1D4/PDPK1/NCOA2/HRAS/KRAS/TSC2/PIK3CA/MED16/ESR1/ATP1B1/THRB/MED13L/MED14/ESR1/BMP4/KAT2A/DIO2/ATP1B1/MED17/BAD/MED16/NOTCH2"
"hsa03040","hsa03040","Spliceosome",113,0.483360726274731,2.07772303706656,0.00151057401812689,0.00680701143925884,0.00325069993063647,6223,"tags=43%, list=25%, signal=32%","CTNNBL1/SNRPD3/SNRPF/SRSF7/RBM25/HNRNPK/HNRNPA1/PQBP1/SRSF5/HNRNPU/SRSF1/LSM3/RBM25/TRA2B/SRSF1/SRSF3/SRSF7/HNRNPM/TRA2A/CDC5L/CDC5L/HSPA1A/HSPA1B/HSPA1L/RBM25/SNRNP200/PRPF4/RBM25/HNRNPU/USP39/HNRNPA3/THOC2/SRSF6/PRPF19/SRSF5/DHX38/SRSF6/RBM8A/LSM4/SRSF2/SRSF10/TRA2B/DDX39B/SF3B1/SF3B1/HNRNPA1/HSPA1A/HSPA1B/HNRNPA3/SNRPA1/CDC40/SF3A3/BCAS2/SNRNP70/LSM6/AQR/BUD31/PRPF3/WBP11/HSPA1B/HSPA1A/TRA2B/HNRNPA3/SRSF9/SNW1/THOC1/SART1/U2SURP/SRSF5/PUF60/PPIE/DHX16/TRA2A/HNRNPA1/LSM5/RBM25/PRPF40A/SRSF10/PRPF31/PRPF18/THOC2/SRSF3/RBM8A/U2AF2/SRSF1/NCBP2/LSM4/SRSF9/HNRNPK/SRSF2/SRSF4/CDC5L/RBM8A/DDX46/SNRPE"
"hsa04120","hsa04120","Ubiquitin mediated proteolysis",119,0.450117969396279,1.94995514766608,0.00151285930408472,0.00680701143925884,0.00325069993063647,6512,"tags=33%, list=27%, signal=25%","UBE2W/UBE3A/ELOB/ITCH/CDC34/UBE2D3/UBE2H/ITCH/MDM2/HERC2/UBE3A/FBXW7/SKP1/FBXW11/FZR1/CBLC/UBE4B/UBE4A/CUL1/UBE2D4/UBE3A/STUB1/SKP1/CUL4A/UBE2G2/SIAH1/UBE2B/UBE2D4/UBE3A/UBE2D4/UBE3C/WWP1/PRPF19/NEDD4/FBXW11/CUL5/ANAPC5/ANAPC13/FANCL/BIRC7/BIRC2/KEAP1/ERCC8/UBE2I/CUL3/PIAS1/FZR1/FZR1/UBE2D4/UBE2D2/CUL3/UBE2B/NEDD4L/SKP2/ITCH/BTRC/HUWE1/SMURF1/CUL5/TRAF6/RHOBTB2/FZR1/MDM2/SOCS1/PIAS2/CUL4B/UBE2D2/UBE2B/UBA6/XIAP/ANAPC13/UBE2H/SMURF1/WWP1/RCHY1/SOCS3/CDC27/CUL7/UBE2K/HUWE1/UBE2D3"
"hsa04726","hsa04726","Serotonergic synapse",100,0.40869524300729,1.7263580967459,0.00151515151515152,0.00680701143925884,0.00325069993063647,3999,"tags=24%, list=16%, signal=20%","MAOA/ITPR2/MAOA/CYP2J2/MAOA/ITPR2/MAP2K1/CYP2C19/RAF1/KCNN2/CYP2C9/KRAS/ITPR2/CYP2C18/ITPR2/CYP2C18/CYP2D6/CYP2D7/ARAF/CYP2C9/DDC/MAOB/DUSP1/CYP2C8/JMJD7-PLA2G4B/PLA2G4B/GNAI1/CYP2C9/JMJD7-PLA2G4B/CYP2C9/CYP2C9/CYP2C9/GNAO1/CYP2C9/GNAS/GNG7/DDC/PLCB1/CYP2D6/HRAS/KRAS/GNGT1/DUSP1"
"hsa04140","hsa04140","Autophagy - animal",116,0.456583874783525,1.96891497321757,0.00151745068285281,0.00680701143925884,0.00325069993063647,4801,"tags=28%, list=20%, signal=23%","GABARAPL1/GABARAPL1/GABARAPL1/BNIP3/PIK3R4/IRS2/BNIP3/MAP2K1/IRS2/IRS1/RAF1/SNAP29/PIK3R1/ATG12/ATG5/RB1CC1/PIK3R1/PDPK1/KRAS/PIK3R1/ATG2A/MTMR4/RB1CC1/HMGB1/RRAGD/CFLAR/MTMR4/AKT2/CTSL/CTSB/RHEB/RHEB/AMBRA1/RRAS2/DAPK1/CTSB/WIPI2/PRKAA1/EIF2S1/RRAGD/ULK1/ATG2B/CFLAR/ATG5/CFLAR/DAPK1/RPS6KB1/PTEN/PDPK1/HRAS/KRAS/TSC2/MLST8/PTEN/CFLAR/PIK3CA/ATG9A/ATG13/EIF2S1/SUPT20H/ATG14/CFLAR/NRBF2/CTSB/BAD"
"hsa05012","hsa05012","Parkinson disease",117,0.602335550633485,2.60192554076535,0.00151745068285281,0.00680701143925884,0.00325069993063647,4716,"tags=43%, list=19%, signal=35%","NDUFB11/SDHC/SDHC/SDHC/NDUFB8/COX5B/ATP5PF/UQCR11/SDHA/NDUFS1/SLC25A4/NDUFB7/NDUFA2/NDUFC1/NDUFS3/NDUFC2/NDUFC2-KCTD14/SNCA/SDHB/NDUFS4/NDUFB2/NDUFA2/COX5B/CASP9/ATP5MC2/NDUFV1/NDUFB2/COX8A/NDUFB8/COX5B/SDHC/NDUFB5/NDUFS6/PINK1/NDUFS2/NDUFAB1/UQCRC2/PARK7/NDUFS8/NDUFB6/COX7C/UQCRC1/NDUFA5/COX5B/UQCRH/UQCRHL/UBE2G2/ATP5F1D/GNAI1/NDUFA10/SDHD/UBB/COX7C/NDUFB3/COX7A2L/NDUFA6/VDAC1/NDUFA13/SNCA/COX7C/NDUFS5/CYC1/NDUFA7/UQCRB/SLC25A5/COX6C/HTRA2/NDUFA9/UQCRFS1/COX6A1/NDUFA4/NDUFV2/NDUFS8/VDAC3/ATP5PD/ATP5F1D/NDUFA1/PINK1/ATP5MC3/VDAC3"
"hsa01522","hsa01522","Endocrine resistance",91,0.424979788553236,1.76819752317398,0.00152671755725191,0.00680701143925884,0.00325069993063647,3797,"tags=19%, list=16%, signal=16%","NCOR1/NCOR1/MAP2K1/EGFR/NCOR1/RAF1/IGF1/NCOR1/PIK3R1/IGF1/EGFR/ADCY1/PIK3R1/KRAS/PIK3R1/JUN/ABCB11/MAPK14/GPER1/MDM2/ABCB11/CYP2D6/CYP2D7/ARAF/MAPK11/IGF1/IGF1/MAPK14/AKT2/SHC2/MAPK14/GNAS/ESR1/ADCY6/RPS6KB1/CYP2D6/GPER1/HRAS/KRAS"
"hsa04922","hsa04922","Glucagon signaling pathway",92,0.533785489668262,2.22282617924712,0.00153374233128834,0.00680701143925884,0.00325069993063647,3830,"tags=29%, list=16%, signal=25%","PCK1/PPARGC1A/ITPR2/ITPR2/G6PC/PRKAG2/GCGR/FOXO1/SIK2/PPP4R3B/PCK2/GYS2/ACACB/PRKAG2/FOXO1/FBP1/ACACB/SIRT1/PDE3B/PPARA/ITPR2/CALM1/CALM2/CALM3/SIK1/ITPR2/PDE3B/PDE3B/PHKA2/PHKG2/PFKFB1/CPT1A/ACACB/PYGL/PPP4R3A/AKT2/CAMK2B/PRKAB2/CALM1/CALM2/CALM3/GNAS/PRKAA1/CPT1A/CALM1/CALM2/CALM3/CAMK2B/CALM1/CALM2/CALM3/PLCB1/PDHA1/ACACB/CALM1/CALM2/CALM3/PPP4R3A"
"hsa04931","hsa04931","Insulin resistance",99,0.490028596225568,2.05954267742293,0.00153609831029186,0.00680701143925884,0.00325069993063647,4286,"tags=30%, list=18%, signal=25%","PCK1/PPARGC1A/SLC27A5/IRS2/G6PC/IRS2/PRKAG2/IRS1/FOXO1/PIK3R1/PCK2/SLC27A2/MLX/GYS2/ACACB/PRKAG2/FOXO1/PIK3R1/ACACB/PDPK1/MLX/PPARA/PIK3R1/INSR/PTPRF/TNFRSF1A/NR1H3/SLC27A2/CPT1A/OGA/MLXIPL/ACACB/PYGL/MLX/AKT2/GSK3B/PRKAB2/OGA/PRKAA1/CPT1A/PRKCZ/AGT/RPS6KB1/TBC1D4/ACACB/PTEN/PDPK1/PTEN/PIK3CA/RPS6KA6/PTPN11/PTPRF/SLC2A2"
"hsa04146","hsa04146","Peroxisome",73,0.640932550939236,2.57340821438755,0.00154798761609907,0.00680701143925884,0.00325069993063647,4934,"tags=57%, list=20%, signal=46%","BAAT/ACOX1/SOD1/PXMP2/PEX5/ACAA1/EPHX2/MLYCD/ACAA1/ACOX1/PEX19/PMVK/DHRS4/ACSL5/PEX14/AMACR/SLC27A2/CRAT/PHYH/IDH1/PECR/ACOX2/AGXT/ECI2/HAO1/HSD17B4/SLC25A17/HMGCL/SLC25A17/PAOX/AMACR/AMACR/HAO2/SCP2/SLC27A2/PEX16/EHHADH/ACSL1/CAT/XDH/PEX5/GSTK1/PEX19/PEX14/AGXT/CRAT/PEX16/PEX12/ACSL1/CAT/DECR2/ECH1/PEX10/PEX13/PEX1/PEX11A/ABCD4/ABCD3/AGXT/PIPOX/PEX10/CAT/PEX2/SCP2/PEX16/PEX11A"
"hsa04211","hsa04211","Longevity regulating pathway",79,0.459652028884985,1.85900114273447,0.00155038759689922,0.00680701143925884,0.00325069993063647,4133,"tags=28%, list=17%, signal=24%","PPARGC1A/IRS2/IRS2/PRKAG2/IRS1/IGF1/FOXO1/PIK3R1/ATG5/IGF1/ADCY1/PRKAG2/FOXO1/RB1CC1/PIK3R1/KRAS/FOXO3/SIRT1/PIK3R1/RB1CC1/EIF4EBP1/INSR/ADIPOR2/CAT/IGF1/IGF1/FOXO3/AKT2/PRKAB2/ADIPOR1/RHEB/RHEB/PRKAA1/CAT/ULK1/ATG5/ADCY6/RPS6KB1/HRAS/KRAS/TSC2/PIK3CA/ATG13"
"hsa05214","hsa05214","Glioma",71,0.447515302670812,1.78656520850792,0.0015527950310559,0.00680701143925884,0.00325069993063647,4131,"tags=27%, list=17%, signal=23%","MAP2K1/EGFR/RAF1/IGF1/PIK3R1/IGF1/EGFR/GADD45A/GADD45G/PIK3R1/GADD45B/KRAS/PIK3R1/CALM1/CALM2/CALM3/GADD45B/GADD45B/MDM2/ARAF/GADD45B/IGF1/IGF1/AKT2/CAMK2B/SHC2/CAMK1/CALM1/CALM2/CALM3/CALM1/CALM2/CALM3/PLCG2/CAMK2B/CALM1/CALM2/CALM3/PTEN/CALM1/CALM2/CALM3/HRAS/KRAS/PTEN/PIK3CA/CALML4"
"hsa01521","hsa01521","EGFR tyrosine kinase inhibitor resistance",77,0.459287049446897,1.85170803051718,0.0015552099533437,0.00680701143925884,0.00325069993063647,4066,"tags=20%, list=17%, signal=16%","MET/IL6R/MAP2K1/EGFR/RAF1/IGF1/PIK3R1/IGF1/EGFR/PIK3R1/KRAS/FOXO3/PIK3R1/EIF4EBP1/ARAF/ERBB3/GAB1/IGF1/IGF1/FOXO3/AKT2/GSK3B/VEGFA/VEGFA/MET/SHC2/PLCG2/FGFR2/RPS6KB1/PTEN/MET/NRG2/HRAS/KRAS/PTEN/NRG1/PIK3CA"
"hsa00564","hsa00564","Glycerophospholipid metabolism",74,0.43863143872083,1.76158376048102,0.00155763239875389,0.00680701143925884,0.00325069993063647,3340,"tags=26%, list=14%, signal=23%","PLPP3/LPIN2/PLPP3/ETNK2/PLPP3/LPIN2/PCYT2/CHKA/LCAT/PLA2G16/DGKH/CEPT1/LYPLA1/LPIN1/AGPAT5/PTDSS1/PEMT/TAZ/CHKA/PLA2G15/CHPT1/JMJD7-PLA2G4B/PLA2G4B/LPIN1/CDS2/PLD1/JMJD7-PLA2G4B/PLA2G12A/GPD1/ETNPPL"
"hsa05204","hsa05204","Chemical carcinogenesis",74,0.683345035252341,2.74437582590154,0.00155763239875389,0.00680701143925884,0.00325069993063647,3142,"tags=61%, list=13%, signal=53%","CYP1A1/CYP1A2/ADH1B/SULT1A1/SULT1A2/SULT1A1/SULT1A3/SULT1A4/HSD11B1/SULT1A2/CYP2C19/CYP3A4/ADH1B/CYP3A43/CYP3A4/CYP3A43/NAT1/CYP3A43/CYP3A43/SULT1A3/SULT1A4/ARNT/CYP1A2/AKR1C2/CYP3A4/ADH1B/CYP2C9/ADH1C/UGT1A1/UGT1A10/UGT1A8/UGT1A7/UGT1A6/UGT1A5/UGT1A9/UGT1A4/UGT1A3/ADH6/CYP2C18/CYP3A5/CYP2A6/UGT1A6/UGT1A10/UGT1A8/UGT1A7/UGT1A5/UGT1A9/UGT1A4/UGT1A1/UGT1A3/CYP2E1/CYP2C18/NAT2/MGST2/ADH6/CYP2C9/SULT2A1/UGT1A3/UGT1A10/UGT1A8/UGT1A7/UGT1A6/UGT1A5/UGT1A9/UGT1A4/UGT1A1/AKR1C2/CYP2A6/ADH1A/GSTK1/CYP2A6/UGT1A1/UGT1A10/UGT1A8/UGT1A6/UGT1A9/UGT1A4/CYP2C8/ADH5/CYP2E1/CYP2C9/CYP2A6/CYP2E1/CYP2C9/CYP2E1/SULT2A1/CYP2C9/CYP2C9/UGT1A9/UGT1A10/UGT1A8/UGT1A6/UGT1A4/UGT1A1/GSTA2/GSTA1/GSTO1/CYP2C9/KYAT3"
"hsa04610","hsa04610","Complement and coagulation cascades",78,0.581454883087643,2.34358492735562,0.0015600624024961,0.00680701143925884,0.00325069993063647,3469,"tags=52%, list=14%, signal=45%","CLU/TFPI/PROS1/F11/MASP2/CLU/F13B/C8A/TFPI/C4BPB/KNG1/C1R/FGB/C4BPA/SERPINF2/F5/KLKB1/C8B/SERPINA5/C9/CLU/SERPING1/MASP2/FGA/PLG/MASP1/CPB2/C1S/CFH/C4A/C4B/TFPI/F5/SERPINC1/F9/C6/FGA/CFB/F2/PROC/F8/CFH/C5/PLG/MASP1/FGG/TFPI/CFB/F10/TFPI/MASP1/SERPINA1/CD55/SERPIND1/CD55/C4A/C4B/FGB/C3/SERPINA1"
"hsa00982","hsa00982","Drug metabolism - cytochrome P450",62,0.661695944856468,2.56441078696432,0.0015625,0.00680701143925884,0.00325069993063647,3062,"tags=62%, list=13%, signal=55%","MAOA/CYP1A2/MAOA/ADH1B/AOX1/MAOA/CYP2C19/CYP3A4/ADH1B/CYP3A4/FMO5/CYP2B6/CYP2B6/AOX1/CYP1A2/CYP3A4/ADH1B/CYP2C9/ADH1C/UGT1A1/UGT1A10/UGT1A8/UGT1A7/UGT1A6/UGT1A5/UGT1A9/UGT1A4/UGT1A3/ADH6/CYP3A5/CYP2A6/UGT1A6/UGT1A10/UGT1A8/UGT1A7/UGT1A5/UGT1A9/UGT1A4/UGT1A1/UGT1A3/CYP2E1/MGST2/ADH6/CYP2D6/CYP2D7/FMO5/CYP2B6/CYP2C9/UGT1A3/UGT1A10/UGT1A8/UGT1A7/UGT1A6/UGT1A5/UGT1A9/UGT1A4/UGT1A1/CYP2A6/ADH1A/GSTK1/CYP2A6/MAOB/UGT1A1/UGT1A10/UGT1A8/UGT1A6/UGT1A9/UGT1A4/CYP2C8/ADH5/CYP2E1/CYP2C9/CYP2A6/CYP2E1/CYP2C9/CYP2E1/CYP2C9/CYP2C9/UGT1A9/UGT1A10/UGT1A8/UGT1A6/UGT1A4/UGT1A1/GSTA2/GSTA1/GSTO1/CYP2C9"
"hsa00983","hsa00983","Drug metabolism - other enzymes",69,0.54009181082928,2.14799173640947,0.00156494522691706,0.00680701143925884,0.00325069993063647,3058,"tags=52%, list=12%, signal=46%","CYP3A4/CYP3A4/NAT1/HPRT1/TK2/CDA/CYP3A4/TK2/TPMT/TPMT/UGT1A1/UGT1A10/UGT1A8/UGT1A7/UGT1A6/UGT1A5/UGT1A9/UGT1A4/UGT1A3/CES2/DPYD/CYP2A6/UGT1A6/UGT1A10/UGT1A8/UGT1A7/UGT1A5/UGT1A9/UGT1A4/UGT1A1/UGT1A3/CYP2E1/NAT2/MGST2/GUSB/UGT1A3/UGT1A10/UGT1A8/UGT1A7/UGT1A6/UGT1A5/UGT1A9/UGT1A4/UGT1A1/UMPS/XDH/UPB1/DPYS/CYP2A6/CYP2A6/CES1/UGT1A1/UGT1A10/UGT1A8/UGT1A6/UGT1A9/UGT1A4/CYP2E1/CYP2A6/CYP2E1/CYP2E1/UGT1A9/UGT1A10/UGT1A8/UGT1A6/UGT1A4/UGT1A1/TK2/GSTA2/GSTA1/GSTO1"
"hsa01230","hsa01230","Biosynthesis of amino acids",67,0.600463382811841,2.37219928897165,0.00156494522691706,0.00680701143925884,0.00325069993063647,1550,"tags=30%, list=6%, signal=28%","MAT1A/TAT/CTH/ASS1/ASL/CTH/ARG1/PAH/SDS/TAT/CPS1/GOT1/CPS1/SHMT2/GPT/PAH/CBS/ALDOB/ALDOB/SHMT2/ALDOB/PHGDH/ALDOB/PC/IDH1/ACO1/PSAT1/ALDOB/ALDOB/PHGDH/MAT2A/ALDOB/SHMT1/PRPS1"
"hsa03320","hsa03320","PPAR signaling pathway",67,0.619745828599991,2.44837679703897,0.00156494522691706,0.00680701143925884,0.00325069993063647,3780,"tags=39%, list=15%, signal=33%","PCK1/ANGPTL4/ACOX1/SLC27A5/ACADL/ACAA1/AQP7/RXRA/ACADL/ACAA1/ACOX1/ACSL5/CYP27A1/PCK2/SLC27A2/CYP4A11/ACOX2/CPT2/HMGCS2/CYP4A11/CYP4A22/PDPK1/PPARA/SCP2/NR1H3/SLC27A2/DBI/CYP4A11/ACADM/RXRA/EHHADH/ACSL1/CPT1A/SORBS1/CPT2/GK/APOC3/GK/DBI/DBI/ACSL1/CPT1A/SORBS1/GK/PDPK1/GK/FABP6"
"hsa04920","hsa04920","Adipocytokine signaling pathway",67,0.478116034012635,1.88885209056306,0.00156494522691706,0.00680701143925884,0.00325069993063647,3234,"tags=25%, list=13%, signal=22%","PCK1/PPARGC1A/LEPR/IRS2/G6PC/IRS2/RXRA/PRKAG2/IRS1/ACSL5/PCK2/ACACB/PRKAG2/ACACB/PPARA/LEPR/TNFRSF1A/ADIPOR2/RXRA/ACSL1/CPT1A/ACACB/AKT2/PRKAB2/LEPR/ADIPOR1/LEPR/LEPR/ACSL1/PRKAA1/CPT1A"
"hsa00980","hsa00980","Metabolism of xenobiotics by cytochrome P450",64,0.673903202759426,2.6376204664846,0.00157232704402516,0.00680701143925884,0.00325069993063647,3062,"tags=60%, list=13%, signal=53%","CYP1A1/CYP1A2/ADH1B/HSD11B1/CYP3A4/ADH1B/CYP3A4/CYP2B6/CYP2B6/CYP1A2/AKR1C1/CYP3A4/ADH1B/AKR7A3/CYP2C9/ADH1C/UGT1A1/UGT1A10/UGT1A8/UGT1A7/UGT1A6/UGT1A5/UGT1A9/UGT1A4/UGT1A3/ADH6/CYP3A5/AKR7A2/CYP2A6/UGT1A6/UGT1A10/UGT1A8/UGT1A7/UGT1A5/UGT1A9/UGT1A4/UGT1A1/UGT1A3/CYP2E1/AKR7A3/MGST2/ADH6/CYP2D6/CYP2D7/CYP2B6/AKR7A2/CYP2C9/SULT2A1/UGT1A3/UGT1A10/UGT1A8/UGT1A7/UGT1A6/UGT1A5/UGT1A9/UGT1A4/UGT1A1/CYP2A6/ADH1A/GSTK1/CYP2A6/UGT1A1/UGT1A10/UGT1A8/UGT1A6/UGT1A9/UGT1A4/ADH5/CYP2E1/CYP2C9/CYP2A6/CYP2E1/CYP2C9/CYP2E1/SULT2A1/CYP2C9/CYP2C9/UGT1A9/UGT1A10/UGT1A8/UGT1A6/UGT1A4/UGT1A1/GSTA2/GSTA1/GSTO1/CYP2C9"
"hsa04976","hsa04976","Bile secretion",64,0.504579143795801,1.97489531313622,0.00157232704402516,0.00680701143925884,0.00325069993063647,3701,"tags=28%, list=15%, signal=24%","ABCG2/BAAT/SLC27A5/RXRA/CYP3A4/SLC10A1/CYP3A4/CA2/KCNN2/ADCY1/ABCC2/CYP3A4/SLCO1B1/AQP9/NR1H4/ABCB11/NR0B2/ABCB11/SLCO1B3/SLC4A4/RXRA/SLC4A4/SLC22A1/SLC4A4/SULT2A1/LDLR/LDLR/SULT2A1/SLCO1A2/GNAS/LDLR/ADCY6/HMGCR"
"hsa05223","hsa05223","Non-small cell lung cancer",64,0.460689223094883,1.80311255169644,0.00157232704402516,0.00680701143925884,0.00325069993063647,2326,"tags=17%, list=10%, signal=15%","MAP2K1/EGFR/RXRA/RAF1/PIK3R1/EGFR/GADD45A/GADD45G/PIK3R1/GADD45B/PDPK1/KRAS/FOXO3/PIK3R1/GADD45B/CASP9/GADD45B/RXRA/ARAF/GADD45B/FOXO3/AKT2"
"hsa03018","hsa03018","RNA degradation",57,0.4797844192648,1.83551429964084,0.00158227848101266,0.00680701143925884,0.00325069993063647,6127,"tags=38%, list=25%, signal=28%","TOB1/SKIV2L/PAN2/CNOT7/HSPA9/TENT4A/LSM3/HSPA9/HSPD1/HSPD1/BTG3/TOB2/CNOT4/TOB2/DCPS/CNOT4/LSM4/EXOSC2/LSM6/PABPC4/WDR61/PFKL/C1D/EXOSC5/CNOT3/EXOSC7/EXOSC1/LSM5/MTREX/CNOT6/HSPA9/TTC37/EXOSC4/CNOT2/LSM4/EXOSC2"
"hsa04213","hsa04213","Longevity regulating pathway - multiple species",57,0.577708084233181,2.21014148657227,0.00158227848101266,0.00680701143925884,0.00325069993063647,4617,"tags=40%, list=19%, signal=32%","EIF4EBP2/SOD1/IRS2/IRS2/PRKAG2/IRS1/IGF1/FOXO1/PIK3R1/ATG5/IGF1/ADCY1/PRKAG2/FOXO1/PIK3R1/KRAS/FOXO3/SIRT1/PIK3R1/INSR/FOXA2/FOXA2/CAT/IGF1/IGF1/FOXO3/AKT2/PRKAB2/HSPA1A/HSPA1B/HSPA1L/PRKAA1/CAT/ATG5/ADCY6/RPS6KB1/HSPA1A/HSPA1B/HRAS/KRAS/CLPB/PIK3CA/HSPA1B/HSPA1A/CAT"
"hsa00140","hsa00140","Steroid hormone biosynthesis",56,0.6618572669989,2.52301727868055,0.00158730158730159,0.00680701143925884,0.00325069993063647,3413,"tags=53%, list=14%, signal=46%","SRD5A1/SRD5A1/CYP1A1/CYP1A2/HSD11B1/AKR1C4/CYP3A4/CYP3A4/SRD5A2/HSD17B8/SRD5A1/SULT1E1/CYP1A2/AKR1C2/AKR1C1/CYP3A4/UGT1A1/UGT1A10/UGT1A8/UGT1A7/UGT1A6/UGT1A5/UGT1A9/UGT1A4/UGT1A3/AKR1D1/CYP3A5/UGT1A6/UGT1A10/UGT1A8/UGT1A7/UGT1A5/UGT1A9/UGT1A4/UGT1A1/UGT1A3/CYP2E1/UGT1A3/UGT1A10/UGT1A8/UGT1A7/UGT1A6/UGT1A5/UGT1A9/UGT1A4/UGT1A1/AKR1C2/HSD17B6/UGT1A1/UGT1A10/UGT1A8/UGT1A6/UGT1A9/UGT1A4/CYP2E1/CYP2E1/CYP2E1/UGT1A9/UGT1A10/UGT1A8/UGT1A6/UGT1A4/UGT1A1/AKR1C1/HSD17B7/HSD17B6"
"hsa05213","hsa05213","Endometrial cancer",56,0.487675376341512,1.85903133839689,0.00158730158730159,0.00680701143925884,0.00325069993063647,4066,"tags=24%, list=17%, signal=20%","MAP2K1/EGFR/RAF1/PIK3R1/EGFR/GADD45A/GADD45G/PIK3R1/GADD45B/PDPK1/KRAS/FOXO3/PIK3R1/GADD45B/CASP9/GADD45B/ARAF/GADD45B/FOXO3/AKT2/GSK3B/MYC/PTEN/PDPK1/HRAS/KRAS/PTEN/PIK3CA"
"hsa04137","hsa04137","Mitophagy - animal",58,0.534196499421745,2.04470364666557,0.00158982511923688,0.00680701143925884,0.00325069993063647,3797,"tags=28%, list=16%, signal=24%","GABARAPL1/NBR1/GABARAPL1/GABARAPL1/BNIP3/BNIP3/CALCOCO2/TAX1BP1/ATG5/TBC1D15/KRAS/FOXO3/USP15/BCL2L13/CSNK2A2/JUN/MFN2/PINK1/USP8/FOXO3/AMBRA1/FIS1/UBB/RRAS2/NBR1/TOMM7/ULK1/CITED2/ATG5/HRAS/KRAS"
"hsa00860","hsa00860","Porphyrin and chlorophyll metabolism",37,0.650829146126355,2.27563908886918,0.00159744408945687,0.00680701143925884,0.00325069993063647,2992,"tags=52%, list=12%, signal=45%","BLVRB/ALAS1/UGT1A1/UGT1A10/UGT1A8/UGT1A7/UGT1A6/UGT1A5/UGT1A9/UGT1A4/UGT1A3/ALAD/CP/UGT1A6/UGT1A10/UGT1A8/UGT1A7/UGT1A5/UGT1A9/UGT1A4/UGT1A1/UGT1A3/GUSB/UGT1A3/UGT1A10/UGT1A8/UGT1A7/UGT1A6/UGT1A5/UGT1A9/UGT1A4/UGT1A1/CP/UGT1A1/UGT1A10/UGT1A8/UGT1A6/UGT1A9/UGT1A4/UROD/FXN/ALAD/UGT1A9/UGT1A10/UGT1A8/UGT1A6/UGT1A4/UGT1A1"
"hsa00280","hsa00280","Valine, leucine and isoleucine degradation",43,0.805216505900007,2.92688741455595,0.0016,0.00680701143925884,0.00325069993063647,3874,"tags=78%, list=16%, signal=66%","BCKDHB/ALDH6A1/ALDH7A1/ALDH6A1/BCKDHB/ACADSB/ABAT/ALDH6A1/ALDH6A1/ALDH2/ALDH6A1/AOX1/MUT/IVD/ABAT/ACAA1/MUT/ABAT/PCCA/ACADS/ACAA1/ALDH7A1/HADH/HADHA/AOX1/MCCC2/BCKDHA/HMGCS2/ACAA2/HADHA/HMGCL/HSD17B10/ALDH3A2/AUH/ECHS1/HADH/HIBCH/DBT/ALDH7A1/ACADM/ACAT2/ACAT1/EHHADH/HIBCH/HADHB/PCCB/ALDH9A1/HADHA/IVD/ALDH3A2/HADH/ALDH3A2/MCCC1/HMGCS1/ALDH1B1/DLD/DBT/DBT/ACAT2"
"hsa04978","hsa04978","Mineral absorption",43,0.459314158182686,1.66956442032897,0.0016,0.00680701143925884,0.00325069993063647,2731,"tags=23%, list=11%, signal=21%","MT1X/MT1M/MT1F/MT1X/MT1G/SLC11A2/MT1G/MT1F/MT1E/MT1HL1/MT1E/MT1H/ATOX1/MT2A/SLC30A1/SLC31A1"
"hsa00830","hsa00830","Retinol metabolism",55,0.7623136313068,2.89377047498131,0.00160771704180064,0.00680701143925884,0.00325069993063647,3062,"tags=67%, list=13%, signal=59%","CYP1A1/CYP1A2/RETSAT/ADH1B/AOX1/CYP26A1/CYP3A4/ADH1B/CYP3A4/DHRS4/DHRS4L2/CYP2B6/CYP2B6/AOX1/CYP1A2/CYP4A11/CYP4A11/CYP4A22/CYP3A4/ADH1B/CYP2C9/ADH1C/UGT1A1/UGT1A10/UGT1A8/UGT1A7/UGT1A6/UGT1A5/UGT1A9/UGT1A4/UGT1A3/ADH6/CYP2C18/DHRS3/CYP3A5/ALDH1A1/CYP2A6/UGT1A6/UGT1A10/UGT1A8/UGT1A7/UGT1A5/UGT1A9/UGT1A4/UGT1A1/UGT1A3/CYP2C18/ADH6/CYP4A11/PNPLA4/CYP2B6/CYP2C9/UGT1A3/UGT1A10/UGT1A8/UGT1A7/UGT1A6/UGT1A5/UGT1A9/UGT1A4/UGT1A1/HSD17B6/CYP2A6/ADH1A/CYP2A6/UGT1A1/UGT1A10/UGT1A8/UGT1A6/UGT1A9/UGT1A4/CYP2C8/ADH5/CYP2C9/RDH5/CYP2A6/CYP2C9/CYP2C9/CYP2C9/UGT1A9/UGT1A10/UGT1A8/UGT1A6/UGT1A4/UGT1A1/CYP2C9"
"hsa00071","hsa00071","Fatty acid degradation",42,0.788170500407134,2.8363602708643,0.00161290322580645,0.00680701143925884,0.00325069993063647,3325,"tags=68%, list=14%, signal=59%","GCDH/ALDH7A1/ACADSB/ACOX1/GCDH/ALDH2/ADH1B/ACADL/ACAA1/ACADS/ADH1B/ACADL/ACAA1/ALDH7A1/ACOX1/ACSL5/HADH/HADHA/CYP4A11/CPT2/ECI2/ECI1/CYP4A11/CYP4A22/ADH1B/ACAA2/HADHA/ADH1C/ADH6/ALDH3A2/ECHS1/HADH/ADH6/ALDH7A1/CYP4A11/ACADM/ACAT2/ACAT1/EHHADH/ACSL1/CPT1A/HADHB/CPT2/ALDH9A1/HADHA/ADH1A/ALDH3A2/HADH/ADH5/ALDH3A2/ACSL1/CPT1A/ALDH1B1"
"hsa00270","hsa00270","Cysteine and methionine metabolism",42,0.65340913317467,2.35139948145633,0.00161290322580645,0.00680701143925884,0.00325069993063647,1542,"tags=30%, list=6%, signal=28%","MAT1A/TAT/AHCY/CTH/CTH/MPST/CDO1/SDS/TAT/GOT1/CBS/ADI1/BHMT/GCLC/GCLC/MAT2A/MDH2/GCLM"
"hsa00330","hsa00330","Arginine and proline metabolism",42,0.65096620638586,2.34260821042445,0.00161290322580645,0.00680701143925884,0.00325069993063647,3325,"tags=47%, list=14%, signal=41%","ALDH7A1/MAOA/MAOA/ALDH2/ARG1/MAOA/GOT1/P4HA1/ALDH7A1/GAMT/OAT/SAT1/PRODH2/ALDH3A2/ALDH4A1/ALDH7A1/GATM/AGMAT/SAT1/ALDH4A1/ALDH9A1/MAOB/ALDH3A2/GATM/ALDH3A2/LAP3/SMOX/ALDH1B1"
"hsa00310","hsa00310","Lysine degradation",49,0.581244411768986,2.14841032565696,0.00163132137030995,0.00680701143925884,0.00325069993063647,4477,"tags=45%, list=18%, signal=37%","AASS/GCDH/ALDH7A1/AASS/GCDH/ALDH2/ALDH7A1/HADH/HADHA/OGDHL/HADHA/ALDH3A2/SUV39H1/ECHS1/HADH/PLOD2/ALDH7A1/DLST/ACAT2/BBOX1/ACAT1/EHHADH/ALDH9A1/HADHA/ALDH3A2/HADH/ALDH3A2/KMT2A/SETD3/ALDH1B1/PLOD1/ACAT2/SETD2/ASH1L/KMT5A/PIPOX/PRDM9/SETD2"
"hsa00380","hsa00380","Tryptophan metabolism",34,0.806978162276459,2.75987250048604,0.00163132137030995,0.00680701143925884,0.00325069993063647,3325,"tags=71%, list=14%, signal=61%","GCDH/ALDH7A1/MAOA/GCDH/CYP1A1/CYP1A2/MAOA/ALDH2/AOX1/MAOA/HAAO/KMO/ALDH7A1/HADH/HADHA/AOX1/CYP1A2/OGDHL/KYNU/TDO2/HADHA/KYNU/ALDH3A2/ECHS1/HADH/KMO/ALDH7A1/ACAT2/ACAT1/KMO/EHHADH/DDC/CAT/ALDH9A1/HADHA/KYNU/MAOB/ALDH3A2/HADH/ALDH3A2/KYAT3/CAT/DDC/ALDH1B1"
"hsa00620","hsa00620","Pyruvate metabolism",34,0.696701359437651,2.38272485284984,0.00163132137030995,0.00680701143925884,0.00325069993063647,4223,"tags=52%, list=17%, signal=43%","PCK1/ALDH7A1/ALDH2/ALDH7A1/FH/HAGH/PCK2/GRHPR/ACACB/PC/ACACB/FH/GRHPR/ALDH3A2/ACYP2/GLO1/GRHPR/MDH2/ALDH7A1/ACAT2/ACAT1/ALDH9A1/ACACB/ALDH3A2/ALDH3A2/ALDH1B1/DLD/PDHA1/ACACB/ACAT2/PKLR/PKLR"
"hsa01212","hsa01212","Fatty acid metabolism",49,0.61971726140904,2.29061464754039,0.00163132137030995,0.00680701143925884,0.00325069993063647,2580,"tags=34%, list=11%, signal=31%","ACADSB/ACOX1/ACADL/ACAA1/ACADS/ACADL/OXSM/ACAA1/ACOX1/ACSL5/HADH/HADHA/CPT2/HSD17B4/ACAA2/HADHA/ECHS1/SCP2/HADH/ACADM/ACAT2/ACAT1/EHHADH/ACSL1/CPT1A/HADHB/CPT2/HADHA/TECR/HADH"
"hsa04216","hsa04216","Ferroptosis",36,0.549309950838579,1.89987216177448,0.00163398692810458,0.00680701143925884,0.00325069993063647,4742,"tags=34%, list=19%, signal=27%","PCBP2/SLC39A8/ACSL5/ATG5/SLC11A2/SAT1/GCLC/GCLC/SLC39A14/CP/PCBP2/GCLM/ACSL1/SAT1/GPX4/PCBP2/CP/ACSL1/ATG5/TF/SAT1/VDAC3/SLC11A2/VDAC3/SLC39A8"
"hsa03420","hsa03420","Nucleotide excision repair",45,0.488703865771114,1.77905765236123,0.00164203612479475,0.00680701143925884,0.00325069993063647,3209,"tags=22%, list=13%, signal=19%","XPC/GTF2H4/RAD23A/RAD23B/GTF2H5/XPA/POLE/RAD23B/POLD2/RPA3/GTF2H1/CUL4A/CCNH/ERCC5"
"hsa04979","hsa04979","Cholesterol metabolism",46,0.582449182016667,2.12713808561428,0.00164473684210526,0.00680701143925884,0.00325069993063647,5020,"tags=41%, list=21%, signal=33%","ANGPTL4/LPA/APOB/CYP27A1/LRPAP1/LIPC/LCAT/APOH/ANGPTL3/APOC2/ABCB11/APOC1/ABCB11/LPA/APOC3/LDLR/VAPB/LDLR/VAPB/VDAC1/LRP1/LDLR/NPC1/APOA4/ABCA1/APOE/APOA2/VDAC3/ABCG5/VDAC3/APOE/APOC2"
"hsa00260","hsa00260","Glycine, serine and threonine metabolism",33,0.772267396462481,2.62253687873427,0.00166389351081531,0.00680701143925884,0.00325069993063647,2762,"tags=70%, list=11%, signal=63%","CTH/ALDH7A1/MAOA/GNMT/CTH/GCAT/MAOA/GCAT/SDS/MAOA/SHMT2/CBS/AMT/SARDH/BHMT/ALDH7A1/GAMT/SHMT2/PHGDH/GRHPR/ALAS1/AGXT/PSAT1/GRHPR/PHGDH/GRHPR/SHMT1/ALDH7A1/GATM/GCSH/PSPH/SHMT2/MAOB/SARDH/SHMT1/GATM/AGXT/SARDH"
"hsa00350","hsa00350","Tyrosine metabolism",33,0.682799707188606,2.31871424469501,0.00166389351081531,0.00680701143925884,0.00325069993063647,4763,"tags=60%, list=19%, signal=49%","TAT/HGD/MAOA/MAOA/HGD/ADH1B/AOX1/MAOA/TAT/GOT1/HGD/ADH1B/AOX1/ADH1B/ADH1C/ADH6/GSTZ1/ADH6/DDC/ADH1A/MAOB/FAH/ADH5/HPD/TYR/DBH/DDC/DCT/GOT2/PNMT/ADH5/ALDH3A1"
"hsa00500","hsa00500","Starch and sucrose metabolism",33,0.571675826949135,1.94134951925017,0.00166389351081531,0.00680701143925884,0.00325069993063647,2461,"tags=36%, list=10%, signal=32%","G6PC/ENPP1/AMY1A/AMY1B/AMY1C/AMY2A/AMY2B/GYS2/GBA3/PGM1/GYG2/PYGL/AGL/GYG2"
"hsa00040","hsa00040","Pentose and glucuronate interconversions",29,0.665178209912034,2.20127058377084,0.00168350168350168,0.00680701143925884,0.00325069993063647,3108,"tags=63%, list=13%, signal=55%","SORD/CRYL1/SORD/UGT1A1/UGT1A10/UGT1A8/UGT1A7/UGT1A6/UGT1A5/UGT1A9/UGT1A4/UGT1A3/UGT1A6/UGT1A10/UGT1A8/UGT1A7/UGT1A5/UGT1A9/UGT1A4/UGT1A1/UGT1A3/DCXR/GUSB/UGT1A3/UGT1A10/UGT1A8/UGT1A7/UGT1A6/UGT1A5/UGT1A9/UGT1A4/UGT1A1/XYLB/UGT1A1/UGT1A10/UGT1A8/UGT1A6/UGT1A9/UGT1A4/XYLB/UGT1A9/UGT1A10/UGT1A8/UGT1A6/UGT1A4/UGT1A1/XYLB"
"hsa00250","hsa00250","Alanine, aspartate and glutamate metabolism",29,0.72140694612605,2.38734803060556,0.00168350168350168,0.00680701143925884,0.00325069993063647,1956,"tags=40%, list=8%, signal=37%","ASS1/ASL/ABAT/GLS2/CPS1/GOT1/ABAT/ASPA/CPS1/GPT/ABAT/FOLH1/FOLH1/ALDH5A1/AGXT/ALDH5A1/FOLH1/ALDH4A1/GLUD2/GLUD1/ALDH4A1/GLUD1"
"hsa04710","hsa04710","Circadian rhythm",29,0.572491666336095,1.89454351597935,0.00168350168350168,0.00680701143925884,0.00325069993063647,4079,"tags=36%, list=17%, signal=30%","RORA/RORA/RORC/PRKAG2/PER2/PRKAG2/CRY2/PER1/PER2/SKP1/FBXW11/CUL1/SKP1/PRKAB2/PER1/PRKAA1/FBXW11/ARNTL/PER3/ARNTL"
"hsa00020","hsa00020","Citrate cycle (TCA cycle)",30,0.672973020017219,2.23339963670659,0.00168918918918919,0.00680701143925884,0.00325069993063647,4949,"tags=51%, list=20%, signal=41%","PCK1/SDHC/SDHC/SDHC/FH/SDHA/PCK2/PC/IDH1/OGDHL/ACO1/FH/SDHB/MDH2/DLST/SDHC/SUCLG1/SDHD/DLD/SUCLG2/PDHA1/SUCLG2/IDH3B/SUCLG2/MDH2/ACO2/PDHB"
"hsa00410","hsa00410","beta-Alanine metabolism",28,0.743245881819,2.41966627271438,0.00172117039586919,0.00680701143925884,0.00325069993063647,3325,"tags=61%, list=14%, signal=53%","ALDH6A1/ALDH7A1/ALDH6A1/ABAT/ALDH6A1/ALDH6A1/ALDH2/ALDH6A1/ABAT/ABAT/MLYCD/ALDH7A1/HADHA/HADHA/ALDH3A2/ECHS1/DPYD/HIBCH/ALDH7A1/ACADM/EHHADH/HIBCH/UPB1/DPYS/ALDH9A1/HADHA/ALDH3A2/ALDH3A2/SMOX/ALDH1B1"
"hsa00640","hsa00640","Propanoate metabolism",28,0.785776488832438,2.55812634072933,0.00172117039586919,0.00680701143925884,0.00325069993063647,3874,"tags=74%, list=16%, signal=62%","BCKDHB/ALDH6A1/ALDH6A1/BCKDHB/ABAT/ALDH6A1/ALDH6A1/ALDH6A1/MUT/ABAT/MUT/ABAT/PCCA/MLYCD/HADHA/BCKDHA/ACACB/ACACB/HADHA/ECHS1/HIBCH/DBT/ACADM/ACAT2/ACAT1/EHHADH/HIBCH/PCCB/SUCLG1/HADHA/ACACB/ECHDC1/DLD/SUCLG2/DBT/ACACB/DBT/SUCLG2/ACAT2"
"hsa03020","hsa03020","RNA polymerase",26,0.659055500036354,2.10265795780545,0.00172413793103448,0.00680701143925884,0.00325069993063647,5916,"tags=59%, list=24%, signal=44%","POLR2C/POLR2C/POLR2F/POLR2E/POLR2C/POLR3E/POLR2J/POLR2J2/POLR2J3/POLR2I/POLR1E/POLR2A/POLR2E/POLR2J3/POLR2J/POLR2J2/POLR1C/POLR3G/POLR2H/POLR3B/POLR2D/POLR3G/POLR2J/POLR2A"
"hsa04950","hsa04950","Maturity onset diabetes of the young",22,0.622166829052488,1.91479945561893,0.00174520069808028,0.00680701143925884,0.00325069993063647,7377,"tags=62%, list=30%, signal=43%","NR5A2/HNF4A/FOXA2/FOXA2/HNF4A/ONECUT1/NR5A2/HHEX/HNF4A/NR5A2/HNF1A/PDX1/PKLR/PKLR/SLC2A2/HES1/NKX6-1/HNF4A/PKLR/NKX2-2/HES1/HES1/HNF1B/IAPP"
"hsa04964","hsa04964","Proximal tubule bicarbonate reclamation",22,0.590867347286287,1.81847122362632,0.00174520069808028,0.00680701143925884,0.00325069993063647,1992,"tags=31%, list=8%, signal=28%","PCK1/GLS2/CA2/PCK2/SLC38A3/GLUD2/GLUD1/SLC4A4/SLC4A4/GLUD1/SLC4A4"
"hsa00053","hsa00053","Ascorbate and aldarate metabolism",23,0.752849522152812,2.33074005199751,0.00175438596491228,0.00680701143925884,0.00325069993063647,2992,"tags=69%, list=12%, signal=60%","ALDH7A1/ALDH2/ALDH7A1/RGN/UGT1A1/UGT1A10/UGT1A8/UGT1A7/UGT1A6/UGT1A5/UGT1A9/UGT1A4/UGT1A3/ALDH3A2/UGT1A6/UGT1A10/UGT1A8/UGT1A7/UGT1A5/UGT1A9/UGT1A4/UGT1A1/UGT1A3/ALDH7A1/UGT1A3/UGT1A10/UGT1A8/UGT1A7/UGT1A6/UGT1A5/UGT1A9/UGT1A4/UGT1A1/ALDH9A1/UGT1A1/UGT1A10/UGT1A8/UGT1A6/UGT1A9/UGT1A4/ALDH3A2/ALDH3A2/UGT1A9/UGT1A10/UGT1A8/UGT1A6/UGT1A4/UGT1A1"
"hsa00591","hsa00591","Linoleic acid metabolism",23,0.612495644476751,1.89621974677461,0.00175438596491228,0.00680701143925884,0.00325069993063647,3062,"tags=55%, list=13%, signal=48%","CYP1A2/CYP2J2/CYP2C19/CYP3A4/CYP3A4/CYP1A2/CYP3A4/PLA2G16/CYP2C9/CYP2E1/CYP2C9/CYP2C8/JMJD7-PLA2G4B/PLA2G4B/CYP2E1/CYP2C9/JMJD7-PLA2G4B/CYP2E1/CYP2C9/CYP2E1/CYP2C9/CYP2C9/PLA2G12A/CYP2C9"
"hsa00790","hsa00790","Folate biosynthesis",23,0.717492311013065,2.2212779806201,0.00175438596491228,0.00680701143925884,0.00325069993063647,2783,"tags=55%, list=11%, signal=48%","PCBD1/GCH1/PAH/PAH/GPHN/QDPR/PTS/FPGS/DHFR/MOCS1/MOCS2/ALPI/DHFR/DHFR/SPR/MOCS1/ALPL/GGH"
"hsa01040","hsa01040","Biosynthesis of unsaturated fatty acids",23,0.572171975802699,1.77138206426756,0.00175438596491228,0.00680701143925884,0.00325069993063647,2467,"tags=25%, list=10%, signal=23%","BAAT/ACOX1/ACAA1/ACAA1/ACOX1/HSD17B4/SCP2/ACOT2/ACOT1/TECR"
"hsa00650","hsa00650","Butanoate metabolism",25,0.735269971188127,2.3015390165134,0.00177619893428064,0.00680701143925884,0.00325069993063647,2825,"tags=63%, list=12%, signal=56%","ABAT/ACSM3/ABAT/ABAT/ACADS/ACSM3/HADH/HADHA/BDH1/ALDH5A1/HMGCS2/ALDH5A1/HADHA/HMGCL/ECHS1/HADH/ACAT2/ACAT1/ACSM2B/ACSM2A/ACSM5/EHHADH/ACSM5/HADHA/HADH/BDH2"
"hsa00760","hsa00760","Nicotinate and nicotinamide metabolism",20,0.67417151858065,2.0010414721561,0.00177619893428064,0.00680701143925884,0.00325069993063647,5242,"tags=57%, list=21%, signal=45%","AOX1/NT5E/ENPP1/NMRK1/AOX1/NNT/QPRT/NAMPT/NAMPT/PNP/NT5C1B-RDH14/NADK/NNT/NNMT/NNMT/NADK/ENPP1"
"hsa00120","hsa00120","Primary bile acid biosynthesis",15,0.838927528899568,2.31957738498483,0.00177935943060498,0.00680701143925884,0.00325069993063647,1427,"tags=60%, list=6%, signal=57%","BAAT/SLC27A5/CYP39A1/AKR1C4/CYP27A1/AMACR/ACOX2/HSD17B4/AKR1D1/AMACR/AMACR/SCP2"
"hsa00630","hsa00630","Glyoxylate and dicarboxylate metabolism",24,0.758278310831174,2.36075032187729,0.00177935943060498,0.00680701143925884,0.00325069993063647,5080,"tags=79%, list=21%, signal=62%","MUT/SHMT2/MUT/PCCA/AMT/SHMT2/GRHPR/AGXT/HAO1/ACO1/GRHPR/HAO2/GRHPR/MDH2/SHMT1/ACAT2/ACAT1/GCSH/HYI/PCCB/CAT/SHMT2/SHMT1/AGXT/CAT/DLD/GLDC/ACAT2/AGXT/CAT/MDH2/ACO2/ACAT2"
"hsa00220","hsa00220","Arginine biosynthesis",19,0.771910225643202,2.2625896703369,0.00178890876565295,0.00680701143925884,0.00325069993063647,1956,"tags=35%, list=8%, signal=33%","ASS1/ASL/GLS2/ARG1/CPS1/GOT1/CPS1/GPT/GLUD2/GLUD1/GLUD1"
"hsa00450","hsa00450","Selenocompound metabolism",13,0.700756572220483,1.86008987596108,0.0017921146953405,0.00680701143925884,0.00325069993063647,5105,"tags=54%, list=21%, signal=43%","CTH/CTH/PAPSS2/TXNRD2/PAPSS2/SEPHS1/SEPHS2/SCLY/KYAT3/SCLY/PAPSS2/SEPHS1/TXNRD3"
"hsa00670","hsa00670","One carbon pool by folate",16,0.721342355059747,2.02939910533731,0.00179533213644524,0.00680701143925884,0.00325069993063647,2885,"tags=53%, list=12%, signal=47%","MTHFD1/ALDH1L1/SHMT2/AMT/SHMT2/ALDH1L1/DHFR/SHMT1/MTHFD2L/DHFR/DHFR/MTHFS/ST20-MTHFS/SHMT2/SHMT1/FTCD"
"hsa00910","hsa00910","Nitrogen metabolism",16,0.681590580338343,1.91756286629031,0.00179533213644524,0.00680701143925884,0.00325069993063647,2238,"tags=28%, list=9%, signal=25%","CPS1/CPS1/CA2/GLUD2/GLUD1/CA14/GLUD1/CA5A"
"hsa00340","hsa00340","Histidine metabolism",18,0.729350590496204,2.1138940910652,0.00180505415162455,0.00680701143925884,0.00325069993063647,3325,"tags=61%, list=14%, signal=53%","ALDH7A1/MAOA/MAOA/ALDH2/HAL/MAOA/HAL/ASPA/HNMT/ALDH7A1/ALDH3A2/ALDH7A1/ALDH9A1/MAOB/ALDH3A2/HNMT/ALDH3A2/FTCD/ALDH1B1"
"hsa04672","hsa04672","Intestinal immune network for IgA production",45,-0.48367541567345,-1.90493706227904,0.00254452926208651,0.00935333492708582,0.00446670105816777,6755,"tags=58%, list=28%, signal=42%","HLA-DQB1/CD40LG/CXCL12/IL4/MADCAM1/IL2/CCR9/CXCR4/TNFRSF13B/CD86/ICOSLG/PIGR/ICOSLG/HLA-DPA1/HLA-DQB1/IL15/HLA-DQA1/ICOSLG/IL6/CCL25/CXCR4/CD80/HLA-DQA1/HLA-DQA2/IL15/HLA-DMA/HLA-DQB1/HLA-DPA1/HLA-DQB1/HLA-DOB/HLA-DRB5/HLA-DRB1/HLA-DRB4/HLA-DRA/HLA-DRB4/HLA-DRB1/HLA-DRA/HLA-DPA1/TNFRSF17/HLA-DRB1/HLA-DQB1/HLA-DRB4/HLA-DRB5/HLA-DRB1/HLA-DQB1/HLA-DRB3/HLA-DRB4/ITGA4/CD28/CD86/HLA-DMB/ITGA4/ITGA4/TGFB1/HLA-DPB1/CD86"
"hsa05332","hsa05332","Graft-versus-host disease",41,-0.539312322218535,-2.05957756260853,0.0025974025974026,0.00935333492708582,0.00446670105816777,5971,"tags=69%, list=24%, signal=53%","IL2/FAS/KIR2DL1/IL1A/KIR2DL1/KIR2DL2/KIR2DL3/HLA-G/HLA-E/HLA-G/IL1B/CD86/KLRD1/HLA-E/HLA-DPA1/HLA-DQB1/HLA-F/HLA-G/HLA-DQA1/FASLG/HLA-C/IL6/KIR2DL5A/HLA-C/HLA-G/CD80/FAS/HLA-F/HLA-DQA1/HLA-DQA2/KIR3DL2/KIR3DL1/HLA-B/HLA-DMA/HLA-DQB1/HLA-DPA1/HLA-B/FAS/HLA-DQB1/PRF1/HLA-DOB/IL1B/HLA-F/HLA-DRB5/HLA-DRB1/HLA-DRB4/HLA-DRA/HLA-DRB4/HLA-DRB1/KIR3DL2/KIR3DL1/HLA-DRA/HLA-DPA1/HLA-DRB1/HLA-DQB1/HLA-DRB4/HLA-DRB5/HLA-DRB1/HLA-DQB1/HLA-DRB3/HLA-DRB4/HLA-C/CD28/CD86/KIR3DL2/KIR3DL1/HLA-DMB/KLRC1/HLA-A/HLA-DPB1/HLA-B/HLA-A/CD86"
"hsa04010","hsa04010","MAPK signaling pathway",279,0.305013553838385,1.4514510052698,0.00263852242744063,0.00935333492708582,0.00446670105816777,4498,"tags=18%, list=18%, signal=15%","DUSP10/MET/TAB2/MAP3K13/MAP2K1/CD14/EGFR/DUSP10/ECSIT/IL1RAP/RAF1/IGF1/CACNB2/IGF1/EGFR/GADD45A/GADD45G/GADD45B/KRAS/JUN/IL1RAP/NFATC3/NR4A1/INSR/GADD45B/MAPK14/TNFRSF1A/GADD45B/ARAF/MAPK11/CRKL/ERBB3/NFATC3/MAPKAPK3/RAPGEF2/GADD45B/IGF1/IGF1/MAP2K4/MAPK14/AKT2/DUSP1/VEGFA/JMJD7-PLA2G4B/PLA2G4B/EFNA1/VEGFA/HSPA1A/HSPA1B/HSPA1L/MET/FGFR4/MAPK14/MKNK2/STK3/RAPGEF2/DUSP5/PPM1B/JMJD7-PLA2G4B/MAP2K5/NTF3/MAP2K3/FLNB/EPHA2/CRK/RRAS2/MYC/PPM1A/IGF2/SRF/MAP2K3/RAPGEF2/FGF6/MAP2K3/MAX/MAPK8IP2/FGFR4/FGFR2/TAB2/MET/HSPA1A/HSPA1B/HRAS/PPM1A/KRAS/FGF9/MAP2K5/TGFB1/DUSP1/JUND/CACNA2D3/RPS6KA6/FOS/VEGFB/MAPK8IP1/MAX/NR4A1/JUN/CDC42/HSPA1B/HSPA1A"
"hsa04940","hsa04940","Type I diabetes mellitus",43,-0.461326304249869,-1.78457766973471,0.0026525198938992,0.00935333492708582,0.00446670105816777,5971,"tags=61%, list=24%, signal=46%","FAS/IL1A/GAD1/GAD1/GAD2/HLA-G/HLA-E/HLA-G/PTPRN2/IL1B/CD86/IL12A/HLA-E/HLA-DPA1/HLA-DQB1/HLA-F/HLA-G/HLA-DQA1/FASLG/HLA-C/HLA-C/HLA-G/CD80/FAS/HLA-F/HLA-DQA1/HLA-DQA2/HLA-B/HLA-DMA/HLA-DQB1/HLA-DPA1/HLA-B/FAS/PTPRN2/HLA-DQB1/PRF1/HLA-DOB/IL1B/HLA-F/HLA-DRB5/HLA-DRB1/HLA-DRB4/HLA-DRA/HLA-DRB4/HLA-DRB1/HLA-DRA/HLA-DPA1/HLA-DRB1/HLA-DQB1/HLA-DRB4/HLA-DRB5/HLA-DRB1/HLA-DQB1/HLA-DRB3/HLA-DRB4/HLA-C/CD28/CD86/HLA-DMB/HLA-A/HLA-DPB1/HLA-B/HLA-A/PTPRN2/CD86"
"hsa05130","hsa05130","Pathogenic Escherichia coli infection",53,-0.521896442251708,-2.15133867400318,0.00265957446808511,0.00935333492708582,0.00446670105816777,4780,"tags=57%, list=20%, signal=46%","CTTN/CDH1/TUBA4A/ACTG1/ACTB/TLR5/TUBB2B/HCLS1/TUBB/TUBB2A/TUBB2B/KRT18/TLR4/ABL1/ARPC4/ARHGEF2/ARPC2/LY96/TUBB2A/ACTG1/ACTB/ARPC2/TUBB1/TUBA3C/TUBA3D/ACTG1/ACTB/ARPC5/CTTN/ARPC3/TUBB4A/ACTG1/ACTB/ACTG1/ACTB/TUBA1A/ARPC1B/ACTG1/ACTB/ACTG1/ACTB/ACTG1/ACTB/TUBB/TUBA3C/TUBA3D/TUBB/ACTB/NCK2/CTTN/ARPC2/ACTB/TUBB4B/TUBB4B/YWHAZ/WAS/TUBB3/WAS/TUBB3/TUBA1B/TUBA1C/ARHGEF2/TUBA1B/TUBA1B/TUBA1C/TUBA1B/TUBA1B"
"hsa05320","hsa05320","Autoimmune thyroid disease",53,-0.477591322991814,-1.96870605035681,0.00265957446808511,0.00935333492708582,0.00446670105816777,6914,"tags=61%, list=28%, signal=44%","CTLA4/HLA-DQB1/CD40LG/HLA-E/TSHR/IL4/IFNA17/IFNA2/IL2/FAS/IFNA1/HLA-G/HLA-E/HLA-G/CD86/IFNA4/HLA-E/HLA-DPA1/HLA-DQB1/HLA-F/HLA-G/HLA-DQA1/FASLG/HLA-C/IFNA10/HLA-C/HLA-G/CD80/FAS/HLA-F/HLA-DQA1/HLA-DQA2/HLA-B/HLA-DMA/HLA-DQB1/HLA-DPA1/HLA-B/FAS/HLA-DQB1/PRF1/HLA-DOB/HLA-F/HLA-DRB5/HLA-DRB1/HLA-DRB4/HLA-DRA/HLA-DRB4/HLA-DRB1/HLA-DRA/HLA-DPA1/HLA-DRB1/HLA-DQB1/HLA-DRB4/HLA-DRB5/HLA-DRB1/HLA-DQB1/HLA-DRB3/HLA-DRB4/IFNA13/IFNA1/HLA-C/CD28/CD86/HLA-DMB/HLA-A/HLA-DPB1/HLA-B/HLA-A/CD86"
"hsa05330","hsa05330","Allograft rejection",38,-0.503594776525431,-1.87379667397173,0.00274725274725275,0.00955433455433456,0.00456268877321509,5262,"tags=58%, list=22%, signal=46%","HLA-E/HLA-G/CD86/IL12A/HLA-E/HLA-DPA1/HLA-DQB1/HLA-F/HLA-G/HLA-DQA1/FASLG/HLA-C/HLA-C/HLA-G/CD80/FAS/HLA-F/HLA-DQA1/HLA-DQA2/HLA-B/HLA-DMA/HLA-DQB1/HLA-DPA1/HLA-B/FAS/HLA-DQB1/PRF1/HLA-DOB/HLA-F/HLA-DRB5/HLA-DRB1/HLA-DRB4/HLA-DRA/HLA-DRB4/HLA-DRB1/HLA-DRA/HLA-DPA1/HLA-DRB1/HLA-DQB1/HLA-DRB4/HLA-DRB5/HLA-DRB1/HLA-DQB1/HLA-DRB3/HLA-DRB4/HLA-C/CD28/CD86/HLA-DMB/HLA-A/HLA-DPB1/HLA-B/HLA-A/CD86"
"hsa04218","hsa04218","Cellular senescence",148,0.359311930303137,1.60671894320264,0.00290697674418605,0.00999872220802453,0.00477490685569021,4131,"tags=21%, list=17%, signal=18%","ITPR2/ITPR2/MAP2K1/RBL2/RAF1/FOXO1/PIK3R1/RBL2/SLC25A4/GADD45A/GADD45G/FOXO1/PIK3R1/GADD45B/KRAS/FOXO3/SIRT1/ZFP36L1/PIK3R1/ITPR2/EIF4EBP1/CALM1/CALM2/CALM3/NFATC3/ITPR2/GADD45B/MAPK14/GADD45B/MDM2/MAPK11/FBXW11/NFATC3/TRAF3IP2/GADD45B/MAPK14/ZFP36L1/FOXO3/AKT2/HIPK2/MAPK14/RHEB/RHEB/CALM1/CALM2/CALM3/MAP2K3/RRAS2/MYC/VDAC1/CALM1/CALM2/CALM3/FBXW11/MAP2K3/MAP2K3/CALM1/CALM2/CALM3/PTEN/CALM1/CALM2/CALM3/HRAS/KRAS/SLC25A5/TSC2/PTEN/TGFB1/HIPK2/PIK3CA/CALML4"
"hsa04012","hsa04012","ErbB signaling pathway",80,0.422925510828183,1.71767728101237,0.00305343511450382,0.0103177742616034,0.00492727070841661,5607,"tags=24%, list=23%, signal=18%","MAP2K1/EGFR/RAF1/PIK3R1/EGFR/PIK3R1/KRAS/PIK3R1/JUN/EIF4EBP1/ARAF/CRKL/ERBB3/GAB1/MAP2K4/AKT2/CAMK2B/GSK3B/SHC2/CRK/MYC/PLCG2/CAMK2B/RPS6KB1/NRG2/HRAS/KRAS/NRG1/PIK3CA/JUN/STAT5B/BAD/CAMK2B/MAP2K4/STAT5B/PTK2/GRB2/PRKCA/EGF"
"hsa03015","hsa03015","mRNA surveillance pathway",77,0.423281799532874,1.70654563047376,0.0031104199066874,0.0103177742616034,0.00492727070841661,7352,"tags=38%, list=30%, signal=27%","SAP18/PPP2R1B/PPP2R2D/SAP18/PPP2R1B/GSPT2/HBS1L/PPP2R5B/UPF2/CPSF1/PNN/PPP2R1B/FIP1L1/PPP2R1B/HBS1L/PNN/PCF11/PPP2R5A/PAPOLA/RBM8A/CPSF4/DDX39B/SRRM1/PPP2R2A/CSTF3/PPP2R5C/CSTF1/GSPT1/PABPC4/CPSF1/WDR33/SMG1/PAPOLA/RNMT/UPF1/RNPS1/PPP2R5C/UPF3A/RBM8A/SAP18/CPSF7/NCBP2/RBM8A/NXT2/SYMPK/RNGTT/PPP1CA/NCBP1/NUDT21/ETF1/RNGTT/SMG7/PAPOLA/EIF4A3/UPF3A"
"hsa00010","hsa00010","Glycolysis / Gluconeogenesis",60,0.440389982313326,1.70021874186224,0.00314465408805031,0.0103177742616034,0.00492727070841661,3343,"tags=33%, list=14%, signal=28%","PCK1/ALDH7A1/ALDH2/ADH1B/G6PC/ALDOB/ALDOB/ADH1B/ALDH7A1/ALDOB/PCK2/ALDOB/FBP1/ADH1B/ADH1C/PGM1/ADH6/ALDH3A2/ALDOB/ALDOB/ALDOB/ADH6/ALDH7A1/ALDH9A1/ADH1A/ALDH3A2/ADH5/ALDH3A2/ALDOC/ALDH1B1/MINPP1/DLD"
"hsa00510","hsa00510","N-Glycan biosynthesis",40,0.48366703149995,1.72990071379479,0.00315955766192733,0.0103177742616034,0.00492727070841661,5449,"tags=36%, list=22%, signal=28%","MAN1C1/MOGS/MAN2A1/MAN1C1/B4GALT1/MAN1A1/ST6GAL1/MAN2A2/DPM3/MAN1A2/MAN1A1/DPM1/RPN1/GANAB/MAN1B1/ALG9/ALG8/ALG11/MAN1A2/MAN2A2/STT3A/ST6GAL1/GANAB/MGAT1"
"hsa04145","hsa04145","Phagosome",145,-0.391656665045871,-1.92420137919632,0.00316455696202532,0.0103177742616034,0.00492727070841661,5262,"tags=48%, list=22%, signal=38%","THBS1/LAMP2/HLA-E/HLA-G/ITGB5/PLA2R1/DYNC1I1/CD209/MSR1/ATP6V1E1/ATP6V0E1/ITGB5/TUBA4A/HLA-E/M6PR/PIK3C3/STX18/ACTG1/ACTB/HLA-DPA1/HLA-DQB1/NCF1/HLA-F/CTSS/HLA-G/CD36/HLA-DQA1/HLA-C/DYNC1I2/ATP6V0E1/SFTPA1/SFTPA2/DYNC2H1/TUBB2B/CALR/ITGAM/CLEC7A/TUBB/TUBB2A/TUBB2B/HLA-C/TLR4/HLA-G/OLR1/ITGB2/ITGB5/HLA-F/HLA-DQA1/HLA-DQA2/ATP6V0C/MSR1/CANX/TCIRG1/HLA-B/HLA-DMA/TUBB2A/ACTG1/ACTB/CYBB/COLEC12/TUBB1/TUBA3C/TUBA3D/HLA-DQB1/ACTG1/ACTB/HLA-DPA1/HLA-B/HLA-DQB1/HLA-DOB/STX7/COMP/HLA-F/CTSS/TUBB4A/ACTG1/ACTB/ACTG1/ACTB/TUBA1A/HLA-DRB5/HLA-DRB1/HLA-DRB4/HLA-DRA/HLA-DRB4/HLA-DRB1/ITGAM/HLA-DRA/HLA-DPA1/HLA-DRB1/HLA-DQB1/HLA-DRB4/HLA-DRB5/ITGAV/ACTG1/ACTB/TAP1/ACTG1/ACTB/ATP6V1F/HLA-DRB1/HLA-DQB1/HLA-DRB3/HLA-DRB4/DYNC1H1/ACTG1/ACTB/NCF1/ATP6V0A2/HLA-C/CALR/THBS2/TLR2/ATP6V1C1/TUBB/HLA-DMB/CORO1A/TUBA3C/TUBA3D/TUBB/ACTB/NCF2/LAMP1/NCF4/ACTB/HLA-A/TUBB4B/MRC2/TUBB4B/FCGR2A/CYBA/TUBB3/RAC1/HLA-DPB1/HLA-B/HLA-A/TUBB3/NCF4/TUBA1B/TUBA1C/TUBA1B/TUBA1B/TUBA1C/TUBA1B/TUBA1B"
"hsa00030","hsa00030","Pentose phosphate pathway",26,0.54719119726459,1.74576484879652,0.00344827586206897,0.0111269107714184,0.00531367522966677,1550,"tags=34%, list=6%, signal=32%","H6PD/ALDOB/ALDOB/ALDOB/RGN/RBKS/ALDOB/DERA/FBP1/PGM1/ALDOB/ALDOB/ALDOB/PRPS1"
"hsa00360","hsa00360","Phenylalanine metabolism",17,0.675119718163,1.93771190007102,0.0035778175313059,0.0113116857302904,0.00540191482663943,3317,"tags=54%, list=14%, signal=47%","TAT/MAOA/MAOA/PAH/MAOA/TAT/GOT1/PAH/GLYAT/GLYAT/DDC/MAOB/HPD/DDC"
"hsa04977","hsa04977","Vitamin digestion and absorption",19,0.604401468803367,1.7715952899982,0.0035778175313059,0.0113116857302904,0.00540191482663943,3747,"tags=42%, list=15%, signal=36%","SLC19A2/FOLH1/FOLH1/APOB/BTD/FOLH1/BTD/MMACHC/LMBRD1/SLC19A3/SLC5A6/TCN2/APOA4"
"hsa05418","hsa05418","Fluid shear stress and atherosclerosis",133,0.356513328862774,1.57417669262147,0.0043731778425656,0.0136880466472303,0.00653675003836121,4780,"tags=28%, list=20%, signal=23%","IKBKG/CALM2/CALM1/CALM3/PECAM1/ITGA2B/SUMO2/SUMO3/MEF2C/THBD/ICAM1/PIAS4/PIK3R3/ACTG1/ACTB/NCF1/IKBKB/MAPK9/PDGFA/CAV1/MEF2C/PECAM1/ICAM1/CALML3/PLAT/PRKAA2/RAC2/EDN1/ARHGEF2/MAPK11/PDGFB/ACTG1/ACTB/GPC1/ACTG1/ACTB/PIK3R3/IL1B/IKBKG/ACTG1/ACTB/ACTG1/ACTB/MAP2K6/NFKB1/MAPK9/SRC/CDH5/NQO1/BCL2/RELA/GSTM5/MMP2/AKT3/BMPR1A/ITGAV/ACTG1/ACTB/ACTG1/ACTB/PDGFB/NQO1/ACTG1/ACTB/PIK3R2/NCF1/BCL2/GSTP1/MAPK13/RAC2/PECAM1/ACTB/NCF2/ACTB/CYBA/RAC1/PIK3CD/BMPR1A/MAPK7/PDGFA/MAPK13/ARHGEF2"
"hsa04923","hsa04923","Regulation of lipolysis in adipocytes",53,0.45437957145464,1.71345133984054,0.00479233226837061,0.0148514851485149,0.00709235208034003,4066,"tags=20%, list=17%, signal=17%","IRS2/IRS2/AQP7/IRS1/PIK3R1/ADCY1/PLA2G16/PIK3R1/PDE3B/PIK3R1/INSR/PDE3B/PDE3B/AKT2/PNPLA2/GNAI1/GNAS/NPR1/ADORA1/ADCY6/NPR1/PIK3CA"
"hsa00730","hsa00730","Thiamine metabolism",12,0.702368010062449,1.82698870681204,0.00547445255474453,0.0167990553885788,0.00802241757248424,5224,"tags=52%, list=21%, signal=41%","AK2/ALPI/AK4/AK2/ALPL/ACP1/AK4/NFS1/AK2/ACP1/TPK1/AK2/ACP1"
"hsa05140","hsa05140","Leishmaniasis",74,-0.387040840426852,-1.69890258574825,0.00555555555555556,0.0168824163969795,0.00806222676432181,4306,"tags=41%, list=18%, signal=34%","IRAK1/HLA-DQB1/NCF1/HLA-DQA1/TGFB2/ITGAM/STAT1/TLR4/ITGB2/HLA-DQA1/HLA-DQA2/CR1/MAPK11/HLA-DMA/CYBB/HLA-DQB1/STAT1/HLA-DPA1/HLA-DQB1/HLA-DOB/IL1B/NFKB1/HLA-DRB5/HLA-DRB1/HLA-DRB4/HLA-DRA/RELA/HLA-DRB4/HLA-DRB1/ITGAM/HLA-DRA/HLA-DPA1/PTGS2/HLA-DRB1/HLA-DQB1/HLA-DRB4/HLA-DRB5/TGFB3/HLA-DRB1/HLA-DQB1/HLA-DRB3/HLA-DRB4/ITGA4/NCF1/IFNGR2/TLR2/JAK2/HLA-DMB/MAPK13/PRKCB/NCF2/ITGA4/NCF4/ITGA4/TGFB1/FCGR2A/CR1/CYBA/HLA-DPB1/NCF4/MAPK13"
"hsa05323","hsa05323","Rheumatoid arthritis",87,-0.372849611306421,-1.68304781260921,0.00564971751412429,0.0170034767492395,0.00812003934216245,7255,"tags=53%, list=30%, signal=38%","TEK/ATP6V0A1/CXCL5/MMP1/CSF1/CTLA4/TNFSF13/TGFB2/ATP6V0B/HLA-DQB1/FLT1/ATP6V1C1/CXCL12/ATP6V0D1/TNFSF11/ATP6V1G2/ATP6V0C/IL11/IL1A/IL11/IL1B/CD86/ATP6V1E1/ATP6V0E1/IL23A/CCL5/ICAM1/HLA-DPA1/HLA-DQB1/IL15/HLA-DQA1/TGFB2/IL6/CXCL8/ATP6V0E1/ICAM1/LTB/TLR4/ITGB2/CD80/HLA-DQA1/HLA-DQA2/ATP6V0C/ANGPT1/IL15/TCIRG1/HLA-DMA/HLA-DQB1/CXCL8/HLA-DPA1/ITGAL/CXCL6/HLA-DQB1/HLA-DOB/IL1B/CTSK/IL23A/CXCL1/HLA-DRB5/HLA-DRB1/HLA-DRB4/TNFRSF11A/HLA-DRA/HLA-DRB4/HLA-DRB1/PTH/HLA-DRA/HLA-DPA1/HLA-DRB1/HLA-DQB1/HLA-DRB4/HLA-DRB5/TGFB3/ATP6V1F/HLA-DRB1/HLA-DQB1/HLA-DRB3/HLA-DRB4/ATP6V0A2/CD28/CD86/CCL5/TLR2/ATP6V1C1/HLA-DMB/TGFB1/IL18/CXCL5/HLA-DPB1/CD86/ANGPT1/CCL20"
"hsa03008","hsa03008","Ribosome biogenesis in eukaryotes",62,0.424246103086993,1.64417099959688,0.00625,0.0186309523809524,0.00889724310776942,4587,"tags=18%, list=19%, signal=15%","RCL1/IMP3/MPHOSPH10/CSNK2A2/IMP4/MDN1/NMD3/RPP38/NOP56/WDR3/REXO2/POP7/TBL3/EMG1/UTP14A/UTP14C/AK6"
"hsa04514","hsa04514","Cell adhesion molecules (CAMs)",127,-0.301279248150182,-1.43978770453149,0.00636942675159236,0.0188078355966831,0.0089817139893358,5374,"tags=48%, list=22%, signal=38%","NECTIN1/HLA-G/HLA-E/HLA-G/CD226/NRXN3/PTPRC/CD86/CADM3/CD6/CDH15/CDH1/SIGLEC1/PECAM1/NRCAM/MPZ/ICOSLG/CDH4/ICAM1/HLA-E/ICOSLG/HLA-DPA1/HLA-DQB1/HLA-F/HLA-G/NFASC/VTCN1/HLA-DQA1/ICOSLG/CLDN8/MPZL1/HLA-C/SELPLG/CD58/PECAM1/ITGAM/MPZL1/ICAM1/CDH3/HLA-C/NCAM1/HLA-G/CD34/ICAM2/ITGB2/CD80/CD6/HLA-F/HLA-DQA1/HLA-DQA2/PTPRC/GLG1/HLA-B/HLA-DMA/NECTIN2/MPZL1/SELP/ITGB8/HLA-DQB1/HLA-DPA1/HLA-B/ITGAL/CD58/HLA-DQB1/PDCD1LG2/MPZL1/HLA-DOB/HLA-F/JAM3/ITGA6/ALCAM/NRXN3/CLDN4/CNTNAP1/HLA-DRB5/HLA-DRB1/HLA-DRB4/CDH5/HLA-DRA/HLA-DRB4/HLA-DRB1/ITGAM/SELL/HLA-DRA/HLA-DPA1/HLA-DRB1/HLA-DQB1/HLA-DRB4/HLA-DRB5/ITGAV/HLA-DRB1/HLA-DQB1/HLA-DRB3/HLA-DRB4/NFASC/ITGA4/CD2/MPZL1/HLA-C/CD28/CD86/NRXN2/CD6/CLDN10/CD58/HLA-DMB/PECAM1/ICAM2/NLGN4Y/PTPRC/ITGA4/NRXN3/ITGA4/HLA-A/ITGA6/VCAN/HLA-DPB1/CD8B/HLA-B/VCAN/HLA-A/CD8A/CD6/VCAN/CD86/VCAN/VCAN"
"hsa00561","hsa00561","Glycerolipid metabolism",46,0.465674413865927,1.70066988127726,0.00657894736842105,0.0192449581898672,0.00919046262976674,3756,"tags=39%, list=15%, signal=33%","ALDH7A1/PLPP3/LPIN2/ALDH2/PLPP3/PLPP3/LPIN2/ALDH7A1/LIPC/DGKH/ALDH3A2/LPIN1/AGPAT5/ALDH7A1/GK/ALDH9A1/ALDH3A2/GK/PNPLA2/LPIN1/ALDH3A2/TKFC/MOGAT2/ALDH1B1/GK/PNPLA3/GK"
"hsa01210","hsa01210","2-Oxocarboxylic acid metabolism",15,0.624881284880389,1.72775412270722,0.00711743772241993,0.0206273889547911,0.00985064480101004,6605,"tags=58%, list=27%, signal=43%","GOT1/GPT/IDH1/ACO1/GOT2/IDH3B/ACO2/ACY1/ABHD14A-ACY1/IDH3A/IDH3B/ACY1/IDH3A/IDH3B"
"hsa04070","hsa04070","Phosphatidylinositol signaling system",89,0.378106739189706,1.56808955459196,0.0076103500761035,0.0218535740717467,0.0104362115963949,5292,"tags=30%, list=22%, signal=24%","ITPR2/ITPR2/PIK3C2G/PIK3R1/DGKH/IMPA1/INPP1/PIK3R1/PIK3R1/INPP5B/MTMR4/ITPR2/CALM1/CALM2/CALM3/ITPR2/IMPA2/MTMR4/ITPKA/PI4KA/CDS2/MTMR1/PIKFYVE/CALM1/CALM2/CALM3/PIP5K1A/CALM1/CALM2/CALM3/PLCG2/CALM1/CALM2/CALM3/PLCB1/PTEN/CALM1/CALM2/CALM3/PI4K2A/PTEN/PIK3CA/PIP4K2B/CALML4/ITPR3/OCRL/OCRL/DGKQ/MTMR1/CALM3/CALM1/CALM2/CALM1/CALM2/CALM3"
"hsa05132","hsa05132","Salmonella infection",76,-0.364379984066074,-1.61348874314417,0.00835654596100279,0.0237781716890352,0.0113553064733244,4309,"tags=43%, list=18%, signal=36%","ACTB/PYCARD/MAPK9/IL6/TLR5/CXCL8/DYNC1I2/DYNC2H1/TLR4/ARPC4/ARPC2/PFN1/MAPK11/CASP1/MYH9/ACTG1/ACTB/ARPC2/FLNA/CXCL3/FLNA/CXCL8/ACTG1/ACTB/ARPC5/ARPC3/IL1B/ACTG1/ACTB/ACTG1/ACTB/RHOG/NFKB1/MAPK9/CXCL1/RELA/PLEKHM2/CASP1/ARPC1B/ACTG1/ACTB/ACTG1/ACTB/DYNC1H1/ACTG1/ACTB/IFNGR2/MAPK13/ACTB/PKN1/CASP1/ARPC2/ACTB/WAS/KLC2/IL18/RAC1/FLNA/CASP1/WAS/MAPK13/CASP1"
"hsa05202","hsa05202","Transcriptional misregulation in cancer",177,0.316991984110254,1.44320935174173,0.00848656294200849,0.0239305783860239,0.0114280885515904,4014,"tags=21%, list=16%, signal=18%","BCL2L1/BMP2K/IL6/PDGFA/CXCL8/PML/NR4A3/H3F3A/H3F3B/ATM/MEF2C/HIST1H3F/MLLT3/HIST1H3C/REL/ITGAM/BMP2K/ELK4/PLAT/CCNT2/HOXA10/CDKN1A/CSF1R/BIRC3/MAX/TFE3/BCL2A1/SUPT3H/ERG/GRIA3/PROM1/ZBTB17/ERG/DDB2/HOXA10/HOXA9/ETV1/ARNT2/RUNX1T1/DEFA3/PAX8/RUNX1/TCF3/LMO2/TRAF1/CXCL8/TCF3/ETV5/EWSR1/ETV1/LYL1/PLAU/FLI1/ETV6/RUNX1/NFKB1/MEIS1/MYCN/BCL11B/RELA/HIST1H3A/TGFBR2/ITGAM/PML/TFE3/PAX5/ETV1/RUNX1/CD86/H3F3A/H3F3B/H3F3A/H3F3B/PML/NSD2/TCF3/SPI1/ZEB1/PLAU/H3F3A/H3F3B/PML/FUT8/SPINT1/TCF3/PDGFA/CD86/FLI1"
"hsa04136","hsa04136","Autophagy - other",27,0.505542752294151,1.63126508939497,0.00860585197934595,0.0240502827637079,0.0114852535814579,4133,"tags=27%, list=17%, signal=22%","GABARAPL1/GABARAPL1/GABARAPL1/PIK3R4/ATG12/ATG5/ATG2A/WIPI2/ATG2B/ATG5/MLST8/ATG9A/ATG13"
"hsa04612","hsa04612","Antigen processing and presentation",77,-0.344532859835423,-1.52820078943918,0.011142061281337,0.0308625237261814,0.014738450879831,5382,"tags=47%, list=22%, signal=37%","KIR2DL2/KIR2DL3/KIR2DS1/KIR2DS4/KIR2DS2/HLA-G/KIR2DS1/HLA-E/HLA-G/PSME3/NFYA/CIITA/KLRD1/HLA-E/HLA-DPA1/HLA-DQB1/HLA-F/CTSS/HLA-G/HLA-DQA1/HLA-C/KIR2DS2/HSPA4/RFXANK/CALR/KIR2DS5/KIR2DL5A/HLA-C/HLA-G/HLA-F/HLA-DQA1/HLA-DQA2/KIR3DL2/KIR3DL1/CANX/PSME3/TAPBP/HLA-B/HLA-DMA/CREB1/HLA-DQB1/HLA-DPA1/HLA-B/HLA-DQB1/HLA-DOB/HLA-F/CTSS/PSME3/HLA-DRB5/HLA-DRB1/HLA-DRB4/HLA-DRA/HLA-DRB4/HLA-DRB1/KIR3DL2/KIR3DL1/HLA-DRA/HLA-DPA1/HLA-DRB1/HLA-DQB1/HLA-DRB4/HLA-DRB5/TAP1/HLA-DRB1/HLA-DQB1/HLA-DRB3/HLA-DRB4/PSME3/IFI30/TAPBP/HLA-C/CALR/KIR3DL2/KIR3DL1/HLA-DMB/KLRC2/KLRC1/HLA-A/CD74/HLA-DPB1/RFX5/CD8B/HLA-B/HLA-A/CD8A/RFX5/HSPA2"
"hsa05020","hsa05020","Prion diseases",33,0.479025238656865,1.62671810305169,0.0116472545757072,0.0319734405924791,0.015268971125381,4768,"tags=25%, list=19%, signal=21%","SOD1/MAP2K1/C8A/C8B/C9/FYN/C6/C5/HSPA1A/FYN/HSPA1A/C8G/HSPA1A/EGR1"
"hsa04915","hsa04915","Estrogen signaling pathway",126,0.338855118959571,1.48732229354725,0.0117474302496329,0.0319734405924791,0.015268971125381,6123,"tags=30%, list=25%, signal=23%","ITPR2/ITPR2/MAP2K1/EGFR/RAF1/EBAG9/PIK3R1/EGFR/NCOA2/ADCY1/PIK3R1/KRAS/HSP90B1/FKBP4/PIK3R1/JUN/ITPR2/FKBP4/CALM1/CALM2/CALM3/ITPR2/GPER1/EBAG9/FKBP5/AKT2/HSPA1A/HSPA1B/HSPA1L/SHC2/GNAI1/CALM1/CALM2/CALM3/GNAO1/GNAS/ESR1/CALM1/CALM2/CALM3/CALM1/CALM2/CALM3/PLCB1/ADCY6/HSPA1A/HSPA1B/HSP90B1/GPER1/CALM1/CALM2/CALM3/NCOA2/HRAS/RARA/KRAS/PIK3CA/CALML4/FOS/ESR1/ITPR3/JUN/ESR1/HSPA1B/HSPA1A/HSP90B1/ESR2/CALM3/CALM1/CALM2/CALM1/CALM2/CALM3/ESR2/ESR1/GRB2/KRT33A/NCOA3/ESR2/PLCB1/BCL2/GABBR2/PRKACG/NCOA2/ADCY2/KRT38/ESR2/AKT2"
"hsa04912","hsa04912","GnRH signaling pathway",86,0.382092467622482,1.5705292038665,0.0122887864823349,0.0331585359394036,0.0158349154309578,5292,"tags=28%, list=22%, signal=22%","ITPR2/ITPR2/MAP2K1/EGFR/RAF1/EGFR/ADCY1/KRAS/JUN/ITPR2/CALM1/CALM2/CALM3/ITPR2/MAPK14/MAPK11/MAP2K4/MAPK14/CAMK2B/JMJD7-PLA2G4B/PLA2G4B/MAPK14/PLD1/JMJD7-PLA2G4B/CALM1/CALM2/CALM3/MAP2K3/GNAS/CALM1/CALM2/CALM3/MAP2K3/MAP2K3/CAMK2B/CALM1/CALM2/CALM3/GNA11/PLCB1/ADCY6/CALM1/CALM2/CALM3/HRAS/KRAS/CALML4/ITPR3/JUN/CDC42/CGA/EGR1/CAMK2B/CALM3/CALM1/CALM2/MAP2K4/GNRH2/PLD1/CALM1/CALM2/CALM3"
"hsa00770","hsa00770","Pantothenate and CoA biosynthesis",17,0.575926946706389,1.65301126330767,0.0125223613595707,0.0334999923550907,0.0159979785250475,5377,"tags=55%, list=22%, signal=43%","ENPP1/DPYD/VNN1/PANK3/PANK3/UPB1/DPYS/VNN3/COASY/AASDHPPT/ENPP1/PANK2"
"hsa03410","hsa03410","Base excision repair",31,0.47041611438599,1.57969840970723,0.0133779264214047,0.035485516694065,0.0169461690619042,2486,"tags=19%, list=10%, signal=17%","UNG/NTHL1/HMGB1/POLE/NEIL1/POLD2/MPG/PARP3"
"hsa05218","hsa05218","Melanoma",69,0.397153178569599,1.57951246168016,0.0140845070422535,0.0370458042371878,0.0176912870411322,4066,"tags=22%, list=17%, signal=18%","MET/MAP2K1/EGFR/RAF1/IGF1/PIK3R1/IGF1/EGFR/GADD45A/GADD45G/PIK3R1/GADD45B/KRAS/PIK3R1/GADD45B/GADD45B/MDM2/ARAF/GADD45B/IGF1/IGF1/AKT2/MET/FGF6/PTEN/MET/HRAS/KRAS/FGF9/PTEN/PIK3CA"
"hsa05226","hsa05226","Gastric cancer",136,0.330774618084296,1.46608601150606,0.0146627565982405,0.0382453567937439,0.0182641354118434,2598,"tags=12%, list=11%, signal=11%","FZD5/MET/MAP2K1/EGFR/RXRA/RAF1/PIK3R1/LRP5/EGFR/GADD45A/GADD45G/LRP6/PIK3R1/GADD45B/KRAS/FZD5/LRP6/PIK3R1/GADD45B/GADD45B/JUP/FZD4/RXRA/ARAF/GAB1/GADD45B/TERT/AKT2/GSK3B/DVL1/MET/SHC2"
"hsa04371","hsa04371","Apelin signaling pathway",123,0.332459235286152,1.44941760305946,0.0148809523809524,0.0384937032664305,0.0183827336937385,4131,"tags=22%, list=17%, signal=18%","GABARAPL1/GABARAPL1/GABARAPL1/PPARGC1A/ITPR2/PIK3R4/ITPR2/MAP2K1/PRKAG2/RAF1/ADCY1/PRKAG2/KRAS/PDE3B/ITPR2/CALM1/CALM2/CALM3/ITPR2/PDE3B/PDE3B/AGTR1/TFAM/AKT2/PRKAB2/AGTR1/GNAI1/CALM1/CALM2/CALM3/RRAS2/SMAD4/PRKAA1/GNG7/CALM1/CALM2/CALM3/TFAM/CALM1/CALM2/CALM3/PLCB1/ADCY6/MEF2A/RPS6KB1/CALM1/CALM2/CALM3/HRAS/KRAS/GNGT1/NRF1/CALML4"
"hsa04925","hsa04925","Aldosterone synthesis and secretion",88,0.369095270134693,1.52307219705219,0.0153609831029186,0.0394097353378157,0.0188201863728597,6634,"tags=35%, list=27%, signal=25%","ITPR2/ITPR2/ADCY1/ITPR2/CALM1/CALM2/CALM3/NR4A1/ITPR2/AGTR1/LDLR/CAMK2B/ATP2B2/AGTR1/CAMK1/LDLR/CALM1/CALM2/CALM3/GNAS/PDE2A/CALM1/CALM2/CALM3/NPR1/LDLR/CAMK2B/AGT/CALM1/CALM2/CALM3/GNA11/PLCB1/ADCY6/CALM1/CALM2/CALM3/NR4A2/ATP2B1/NPR1/ATP2B4/CALML4/ATP1B1/ITPR3/NR4A1/ATP1B1/CYP21A2/NR4A2/CAMK2B/CALM3/CALM1/CALM2/PRKD3/CALM1/CALM2/CALM3/PRKCA/CACNA1H/PLCB1/SCARB1/PRKACG/PRKCA/NR4A2/ADCY2/CAMK1G/CREB3L1/GNAS/GNA11/CACNA1I/ATF1/KCNK3/NR4A1/CACNA1G"
"hsa04720","hsa04720","Long-term potentiation",64,0.38425654821625,1.50395922115497,0.0157232704402516,0.0400112491690955,0.0191074403296168,5855,"tags=32%, list=24%, signal=24%","ITPR2/ITPR2/MAP2K1/RAF1/PPP1R1A/ADCY1/KRAS/ITPR2/CALM1/CALM2/CALM3/ITPR2/ARAF/CAMK2B/CALM1/CALM2/CALM3/CALM1/CALM2/CALM3/CAMK2B/CALM1/CALM2/CALM3/PLCB1/CALM1/CALM2/CALM3/HRAS/KRAS/CALML4/RPS6KA6/ITPR3/GRIN2C/GRIN2C/CAMK2B/CALM3/CALM1/CALM2/GRIN2B/CALM1/CALM2/CALM3/GRM5/PRKCA/PLCB1/PRKACG/PRKCA"
"hsa05224","hsa05224","Breast cancer",133,0.33280244080972,1.46948179256391,0.0160349854227405,0.0404754067525628,0.0193290995757993,5637,"tags=24%, list=23%, signal=19%","FZD5/MAP2K1/EGFR/RAF1/IGF1/PIK3R1/IGF1/LRP5/EGFR/GADD45A/GADD45G/LRP6/PIK3R1/GADD45B/KRAS/FZD5/LRP6/PIK3R1/JUN/GADD45B/GADD45B/FZD4/ARAF/GADD45B/IGF1/IGF1/AKT2/GSK3B/DVL1/SHC2/MYC/ESR1/FGF6/RPS6KB1/PTEN/HRAS/KRAS/FGF9/PTEN/PIK3CA/CSNK1A1/FOS/ESR1/HES1/JUN/ESR1/TCF7L2/ESR2/NOTCH2/WNT2B/WNT3/FRAT1/ESR2/ESR1/HEY2/GRB2/WNT7A/APC/NCOA3/CSNK1A1/EGF/ESR2/APC"
"hsa04921","hsa04921","Oxytocin signaling pathway",134,0.329807274826847,1.45508416050707,0.0161764705882353,0.0405058823529412,0.019343653250774,4322,"tags=20%, list=18%, signal=17%","ITPR2/ITPR2/MAP2K1/EGFR/PRKAG2/RAF1/CACNB2/EGFR/ADCY1/PRKAG2/KRAS/RCAN1/JUN/ITPR2/CALM1/CALM2/CALM3/NFATC3/ITPR2/RCAN1/NFATC3/NPR2/CAMK2B/PRKAB2/JMJD7-PLA2G4B/PLA2G4B/CAMK1/GNAI1/JMJD7-PLA2G4B/MAP2K5/CALM1/CALM2/CALM3/GNAO1/GNAS/PRKAA1/CALM1/CALM2/CALM3/NPR1/MYL6/CAMK2B/NPR2/CALM1/CALM2/CALM3/PLCB1/ADCY6/CALM1/CALM2/CALM3/HRAS/KRAS/MAP2K5/EEF2/NPR1/CACNA2D3/CALML4/FOS/EEF2/ITPR3"
"hsa04960","hsa04960","Aldosterone-regulated sodium reabsorption",35,0.466868435476762,1.5963962059924,0.0164744645799012,0.0409246620119767,0.0195436421916956,4672,"tags=30%, list=19%, signal=24%","IRS1/IGF1/PIK3R1/NR3C2/IGF1/PIK3R1/PDPK1/KRAS/PIK3R1/INSR/IGF1/IGF1/SLC9A3R2/PDPK1/KRAS/PIK3CA/ATP1B1/NEDD4L/ATP1B1"
"hsa00590","hsa00590","Arachidonic acid metabolism",54,0.401451352583742,1.51587845890155,0.0177133655394525,0.0434053057092538,0.0207282778231513,3062,"tags=33%, list=13%, signal=29%","CYP2J2/CYP2C19/EPHX2/CYP2B6/CYP2B6/CYP4A11/CYP4A11/CYP4A22/PLA2G16/CYP4F3/CYP4F2/CYP2C9/CYP4F2/CYP2E1/CYP4A11/CYP2B6/CYP4F3/CYP2C9/CYP2C8/JMJD7-PLA2G4B/PLA2G4B/CYP2E1/CYP2C9/JMJD7-PLA2G4B/CYP2E1/CYP2C9/CYP2E1/CYP2C9/CYP2C9/PLA2G12A/CYP2C9"
"hsa00515","hsa00515","Mannose type O-glycan biosynthesis",15,0.601447779301347,1.66296207843689,0.0177935943060498,0.0434053057092538,0.0207282778231513,2115,"tags=21%, list=9%, signal=19%","RXYLT1/B4GAT1/B4GALT1/LARGE1/B3GAT1"
"hsa00563","hsa00563","Glycosylphosphatidylinositol (GPI)-anchor biosynthesis",19,0.548745125774999,1.60845783872298,0.0178890876565295,0.0434053057092538,0.0207282778231513,4890,"tags=32%, list=20%, signal=26%","PIGV/PIGV/GPLD1/GPLD1/GPAA1/GPLD1/PIGP/PIGO/GPAA1/PIGH/PIGK"
"hsa05220","hsa05220","Chronic myeloid leukemia",74,0.377340672616273,1.51543446814554,0.0186915887850467,0.0443337543230132,0.0211716600432752,6747,"tags=37%, list=28%, signal=27%","TGFB2/AKT2/SOS2/STAT5B/E2F3/MECOM/MAP2K2/TP53/RUNX1/NRAS/MAPK1/MECOM/MDM2/BAD/KRAS/BCL2L1/SHC1/IKBKG/SMAD3/CDK6/GAB2/TGFBR1/PIK3R3/IKBKB/BCL2L1/RB1/BCL2L1/TGFB2/CDKN2A/CDKN1A/ABL1/CTBP2/DDB2/CRKL/SOS2/CTBP2/RUNX1/CTBP2/SMAD3/PIK3R3/CTBP2/IKBKG/RUNX1/NFKB1/MAP2K2/RELA/TGFBR2/AKT3/E2F3/TGFB3/PIK3R2/CTBP2/RUNX1/SHC1/TGFB1/PIK3CD/CDKN2A"
"hsa05416","hsa05416","Viral myocarditis",59,-0.347273299034482,-1.45948307978714,0.0188172043010753,0.0443337543230132,0.0211716600432752,4486,"tags=56%, list=18%, signal=46%","ICAM1/HLA-E/ACTG1/ACTB/HLA-DPA1/HLA-DQB1/HLA-F/HLA-G/HLA-DQA1/HLA-C/CAV1/ICAM1/EIF4G3/HLA-C/RAC2/HLA-G/ABL1/ITGB2/CD80/HLA-F/HLA-DQA1/HLA-DQA2/EIF4G3/EIF4G2/HLA-B/HLA-DMA/ACTG1/ACTB/HLA-DQB1/ACTG1/ACTB/HLA-DPA1/HLA-B/ITGAL/HLA-DQB1/PRF1/HLA-DOB/HLA-F/SGCA/ACTG1/ACTB/ACTG1/ACTB/HLA-DRB5/HLA-DRB1/HLA-DRB4/HLA-DRA/HLA-DRB4/HLA-DRB1/CASP8/HLA-DRA/HLA-DPA1/HLA-DRB1/HLA-DQB1/HLA-DRB4/HLA-DRB5/ACTG1/ACTB/ACTG1/ACTB/HLA-DRB1/HLA-DQB1/HLA-DRB3/HLA-DRB4/LAMA2/ACTG1/ACTB/HLA-C/CD28/CD86/MYH6/HLA-DMB/RAC2/ACTB/LAMA2/ACTB/HLA-A/RAC1/HLA-DPB1/LAMA2/HLA-B/HLA-A/SGCB/CASP8/CD86/SGCD"
"hsa04917","hsa04917","Prolactin signaling pathway",68,0.384148796650163,1.51925188999172,0.0188383045525903,0.0443337543230132,0.0211716600432752,5460,"tags=29%, list=22%, signal=23%","MAP2K1/RAF1/PIK3R1/SOCS2/PIK3R1/KRAS/FOXO3/PIK3R1/MAPK14/MAPK11/SOCS2/GALT/MAPK14/FOXO3/AKT2/GSK3B/SHC2/MAPK14/SOCS6/ESR1/HRAS/KRAS/CISH/PIK3CA/FOS/ESR1/SLC2A2/ESR1/CGA/ESR2/PRLR/STAT5B/SOCS1/PRLR/STAT5B/ESR2/ESR1/PRLR/STAT3/GRB2"
"hsa05211","hsa05211","Renal cell carcinoma",68,0.384872753942731,1.52211503441544,0.0188383045525903,0.0443337543230132,0.0211716600432752,2577,"tags=13%, list=11%, signal=12%","MET/MAP2K1/RAF1/FH/PIK3R1/ARNT/PIK3R1/FH/ELOB/KRAS/PIK3R1/JUN/ARAF/CRKL/GAB1/AKT2/VEGFA/VEGFA/MET"
"hsa05310","hsa05310","Asthma",31,-0.412869476259727,-1.48388085574206,0.0198019801980198,0.0459762879026335,0.0219560547576054,4615,"tags=46%, list=19%, signal=37%","HLA-DPA1/HLA-DQB1/HLA-DQA1/FCER1A/HLA-DQA1/HLA-DQA2/HLA-DMA/RNASE3/HLA-DQB1/HLA-DPA1/HLA-DQB1/HLA-DOB/HLA-DRB5/HLA-DRB1/HLA-DRB4/HLA-DRA/HLA-DRB4/HLA-DRB1/HLA-DRA/HLA-DPA1/HLA-DRB1/HLA-DQB1/HLA-DRB4/HLA-DRB5/HLA-DRB1/HLA-DQB1/HLA-DRB3/HLA-DRB4/HLA-DMB/HLA-DPB1"
"hsa04640","hsa04640","Hematopoietic cell lineage",97,-0.314646719824876,-1.44227281423995,0.0198300283286119,0.0459762879026335,0.0219560547576054,4786,"tags=42%, list=20%, signal=34%","CD7/CD59/IL3/ITGA2B/HLA-DPA1/HLA-DQB1/CSF2RA/CSF2RA/CD1A/CD44/CD36/HLA-DQA1/IL6/KITLG/MS4A1/ITGAM/MS4A1/CSF1R/CD34/GYPA/CSF2RA/HLA-DQA1/HLA-DQA2/IL5RA/CD44/CR1/CD44/CR2/CD59/HLA-DMA/IL7R/GP1BB/HLA-DQB1/CD44/CD24/CSF3R/HLA-DPA1/CD1B/CD44/CD7/GP5/HLA-DQB1/HLA-DOB/IL1B/ITGA6/CD3D/CD24/CD24/HLA-DRB5/HLA-DRB1/HLA-DRB4/CD24/HLA-DRA/HLA-DRB4/HLA-DRB1/ITGAM/HLA-DRA/HLA-DPA1/HLA-DRB1/HLA-DQB1/HLA-DRB4/HLA-DRB5/CD44/CD1E/HLA-DRB1/HLA-DQB1/HLA-DRB3/HLA-DRB4/CD5/ITGA4/CD2/KIT/CSF2RA/IL5RA/CD24/FLT3LG/HLA-DMB/ITGA4/ITGA4/CD24/ITGA6/CR1/HLA-DPB1/CD8B/CD33/CD8A/CD37/CD3E"
"hsa04914","hsa04914","Progesterone-mediated oocyte maturation",77,0.375819790263751,1.5151930029308,0.0202177293934681,0.0460972017673049,0.0220137973800481,4193,"tags=22%, list=17%, signal=18%","MAP2K1/MAD1L1/RAF1/IGF1/PIK3R1/IGF1/ADCY1/PIK3R1/KRAS/KIF22/PDE3B/PIK3R1/PDE3B/PDE3B/MAPK14/CPEB3/ARAF/MAPK11/FZR1/IGF1/IGF1/MAPK14/AKT2/MAPK14/GNAI1/ANAPC5/ANAPC13/ADCY6/KRAS/PIK3CA/RPS6KA6/FZR1/FZR1"
"hsa05340","hsa05340","Primary immunodeficiency",35,-0.406809741328501,-1.50636648547084,0.020253164556962,0.0460972017673049,0.0220137973800481,5681,"tags=52%, list=23%, signal=40%","BTK/TNFRSF13B/PTPRC/RAG1/IKBKG/CIITA/DCLRE1C/CD79A/RFXANK/LCK/ADA/ZAP70/PTPRC/JAK3/IL7R/CD3D/IKBKG/IL2RG/TAP1/PTPRC/ADA/RFX5/CD8B/CD8A/RFX5/CD3E/LCK"
"hsa04550","hsa04550","Signaling pathways regulating pluripotency of stem cells",127,0.321531549369172,1.41648234743359,0.0203488372093023,0.0460972017673049,0.0220137973800481,3797,"tags=16%, list=16%, signal=14%","FZD5/MAP2K1/RAF1/ID2/IGF1/PIK3R1/IGF1/INHBB/PIK3R1/KRAS/FZD5/PIK3R1/ID2/MAPK14/ACVR2B/FZD4/ID2/MAPK11/IL6ST/ONECUT1/IL6ST/IGF1/IGF1/MAPK14/AKT2/GSK3B/TBX3/DVL1/FGFR4/MAPK14/TCF3/HNF1A/MYC/SMAD4/FGFR4/IL6ST/FGFR2/HRAS/KRAS"
"hsa05221","hsa05221","Acute myeloid leukemia",66,0.381397522450276,1.49935697379693,0.0205371248025276,0.0460972017673049,0.0220137973800481,5909,"tags=31%, list=24%, signal=24%","RUNX1/PML/PPARD/NRAS/MAPK1/PIM2/BAD/KRAS/IKBKG/PML/IL3/MTOR/PIK3R3/LEF1/IKBKB/PML/ITGAM/CSF1R/BCL2A1/PPARD/SOS2/RUNX1T1/RUNX1/LEF1/TCF7L2/PIK3R3/IKBKG/RUNX1/NFKB1/MAP2K2/RELA/ITGAM/PML/AKT3/PIK3R2/RUNX1/KIT/LEF1/PML/PIK3CD/SPI1/PML"
"hsa04934","hsa04934","Cushing syndrome",138,0.314934113259785,1.39609913108544,0.0206185567010309,0.0460972017673049,0.0220137973800481,7288,"tags=30%, list=30%, signal=21%","FZD5/ITPR2/ITPR2/MAP2K1/EGFR/FH/EGFR/ARNT/ADCY1/FH/PDE8A/FZD5/PDE8A/ITPR2/NR4A1/ITPR2/FZD4/USP8/AGTR1/AHR/LDLR/CAMK2B/GSK3B/AGTR1/DVL1/GNAI1/LDLR/KMT2A/GNAS/LDLR/CAMK2B/AGT/GNA11/PLCB1/ADCY6/CRH/ASH2L/ITPR3/NR4A1/TCF7L2/PBX1/CYP21A2/WNT2B/WNT3/CAMK2B/WNT7A/APC/CACNA1H/APC/PLCB1/SCARB1/PRKACG/ADCY2/KCNK2/ARNT/CCNE2/TCF7L2/CDKN2A/CREB3L1/CCND1/WNT6/GNAS/GNA11/CACNA1I/KCNK3/NR4A1/CACNA1G/KMT2D/CDKN2B/EGFR/CDKN1B/RAP1B/E2F2/FH/PLCB3/CYP11A1/ADCY2/CRHR1/APC2/TCF7/PDE8B/CAMK2G"
"hsa04071","hsa04071","Sphingolipid signaling pathway",109,0.336202511380038,1.44058292152932,0.0210526315789474,0.0467338559163867,0.022317832655547,4066,"tags=21%, list=17%, signal=18%","MAP2K1/RAF1/KNG1/PIK3R1/PPP2R1B/PIK3R1/PDPK1/KRAS/PIK3R1/PPP2R2D/FYN/PPP2R1B/MAPK14/TNFRSF1A/MAPK11/PPP2R5B/PPP2R1B/MAPK14/AKT2/CERS4/PPP2R1B/SGMS1/MAPK14/GNAI1/CERS2/PLD1/SMPD1/PPP2R5A/FYN/SPTLC3/PRKCZ/PPP2R2A/ADORA1/PLCB1/PTEN/PPP2R5C/PDPK1/HRAS/KRAS/CERS6/PTEN/PIK3CA"
"hsa03060","hsa03060","Protein export",19,0.542270769428534,1.58948048707644,0.0214669051878354,0.047317896646426,0.0225967423029847,6513,"tags=41%, list=27%, signal=30%","SEC62/SEC62/SEC63/SRP54/SEC61A2/SEC63/SEC63/SEC11A/OXA1L/SRP72/SRPRA/SEC61G/SRP72"
"hsa05321","hsa05321","Inflammatory bowel disease (IBD)",63,-0.334031926386487,-1.42556251124354,0.0217983651226158,0.0477125054781731,0.0227851884240813,4875,"tags=45%, list=20%, signal=36%","SMAD2/IL23A/IL12RB1/SMAD3/NOD2/NFATC1/GATA3/HLA-DPA1/HLA-DQB1/HLA-DQA1/NFATC1/TGFB2/IL6/TLR5/STAT1/TLR4/HLA-DQA1/HLA-DQA2/TBX21/HLA-DMA/HLA-DQB1/SMAD3/STAT1/HLA-DPA1/HLA-DQB1/HLA-DOB/IL1B/IL23A/NFKB1/IL2RG/HLA-DRB5/HLA-DRB1/HLA-DRB4/HLA-DRA/RELA/HLA-DRB4/HLA-DRB1/HLA-DRA/HLA-DPA1/HLA-DRB1/HLA-DQB1/HLA-DRB4/HLA-DRB5/TGFB3/HLA-DRB1/HLA-DQB1/HLA-DRB3/HLA-DRB4/IL21R/IFNGR2/TLR2/HLA-DMB/FOXP3/TGFB1/SMAD2/IL18/HLA-DPB1"
"hsa03022","hsa03022","Basal transcription factors",41,0.433949356964548,1.55364339926246,0.0226904376012966,0.0493201872861516,0.023552939615381,8720,"tags=51%, list=36%, signal=33%","GTF2H4/GTF2H5/TAF15/GTF2B/GTF2H1/CCNH/GTF2F2/GTF2A2/GTF2F1/GTF2F1/TAF5L/GTF2E2/GTF2I/TAF1/GTF2IRD1/CDK7/TAF1/TAF11/TAF6L/TAF7/GTF2F1/TAF9/GTF2A1/GTF2H2/GTF2H2C/GTF2H2C_2/TAF6L/TAF5"
